<?xml version="1.0" encoding="UTF-8"?>
<gpx version="1.1" creator="Cotswold Way planner" xmlns="http://www.topografix.com/GPX/1/1" xmlns:xsi="http://www.w3.org/2001/XMLSchema-instance" xsi:schemaLocation="http://www.topografix.com/GPX/1/1 http://www.topografix.com/GPX/1/1/gpx.xsd">
<metadata><name>Cotswold Way — Stonehouse to Bath, 4 days camping</name></metadata>
<wpt lat="51.745934" lon="-2.279421"><ele>0.0</ele><name>Stonehouse station (SHU)</name><desc>National Rail SHU. 0.5 mi from the path.</desc><sym>Car</sym></wpt>
<wpt lat="51.717641" lon="-2.359170"><ele>0.0</ele><name>Cam and Dursley station (CDU)</name><desc>National Rail CDU. 2.0 mi from the path.</desc><sym>Car</sym></wpt>
<wpt lat="51.540303" lon="-2.413362"><ele>0.0</ele><name>Yate station (YAE)</name><desc>National Rail YAE. 2.5 mi from the path.</desc><sym>Car</sym></wpt>
<wpt lat="51.377602" lon="-2.356719"><ele>0.0</ele><name>Bath Spa station (BTH)</name><desc>National Rail BTH. 0.3 mi from the path.</desc><sym>Car</sym></wpt>
<wpt lat="51.741086" lon="-2.271725"><ele>38.1</ele><name>START — Stonehouse</name><desc>47.3 mi to Bath</desc><sym>Lodging</sym></wpt>
<wpt lat="51.659917" lon="-2.376628"><ele>121.8</ele><name>NIGHT 1 — North Nibley</name><desc>34.3 mi to Bath</desc><sym>Lodging</sym></wpt>
<wpt lat="51.556841" lon="-2.345416"><ele>149.9</ele><name>NIGHT 2 — Horton</name><desc>21.6 mi to Bath</desc><sym>Lodging</sym></wpt>
<wpt lat="51.429850" lon="-2.393226"><ele>199.9</ele><name>NIGHT 3 — Lansdown</name><desc>7.9 mi to Bath</desc><sym>Lodging</sym></wpt>
<wpt lat="51.381368" lon="-2.359475"><ele>31.5</ele><name>FINISH — Bath Abbey</name><desc>0.0 mi to Bath</desc><sym>Lodging</sym></wpt>
<wpt lat="51.686585" lon="-2.379232"><ele>198.0</ele><name>CAMP: Ashen Plains</name><desc>1.2 km off the path, 37.3 mi to Bath. ~£20 a pitch</desc><sym>Campground</sym></wpt>
<wpt lat="51.659917" lon="-2.376628"><ele>121.8</ele><name>NIGHT 1 — CAMP: Hunts Court</name><desc>500 m off the path, 34.3 mi to Bath. £12 each</desc><sym>Campground</sym></wpt>
<wpt lat="51.581503" lon="-2.327815"><ele>196.7</ele><name>CAMP: France Lane Farm</name><desc>800 m off the path, 24.0 mi to Bath. ~£12</desc><sym>Campground</sym></wpt>
<wpt lat="51.561351" lon="-2.340911"><ele>164.3</ele><name>CAMP: Oakfield Farm</name><desc>1.6 km off the path, 22.2 mi to Bath.</desc><sym>Campground</sym></wpt>
<wpt lat="51.556147" lon="-2.345350"><ele>149.3</ele><name>NIGHT 2 — CAMP: Starvale / Hideaway Horton</name><desc>~500 m off the path, 21.5 mi to Bath.</desc><sym>Campground</sym></wpt>
<wpt lat="51.508025" lon="-2.339228"><ele>170.8</ele><name>CAMP: Compass Inn (informal tents)</name><desc>1 km off the path, 17.1 mi to Bath. free / donation</desc><sym>Campground</sym></wpt>
<wpt lat="51.429850" lon="-2.393226"><ele>199.9</ele><name>NIGHT 3 — CAMP: Lansdown Campsite</name><desc>on route off the path, 7.9 mi to Bath.</desc><sym>Campground</sym></wpt>
<wpt lat="51.397035" lon="-2.404113"><ele>116.3</ele><name>CAMP: Cleeve Hill</name><desc>430 m off the path, 3.1 mi to Bath.</desc><sym>Campground</sym></wpt>
<wpt lat="51.394948" lon="-2.400174"><ele>100.8</ele><name>CAMP: Penn Hill CL</name><desc>240 m off the path, 2.9 mi to Bath.</desc><sym>Campground</sym></wpt>
<wpt lat="51.681476" lon="-2.354675"><ele>78.0</ele><name>Dursley</name><desc>39.2 mi to Bath</desc><sym>Dot</sym></wpt>
<wpt lat="51.638113" lon="-2.354245"><ele>96.8</ele><name>Wotton-under-Edge</name><desc>31.8 mi to Bath</desc><sym>Dot</sym></wpt>
<wpt lat="51.581232" lon="-2.327758"><ele>198.0</ele><name>Hawkesbury Upton</name><desc>24.0 mi to Bath</desc><sym>Dot</sym></wpt>
<wpt lat="51.534198" lon="-2.352699"><ele>143.3</ele><name>Old Sodbury</name><desc>19.5 mi to Bath</desc><sym>Dot</sym></wpt>
<wpt lat="51.507640" lon="-2.334468"><ele>167.1</ele><name>Tormarton</name><desc>16.8 mi to Bath</desc><sym>Dot</sym></wpt>
<wpt lat="51.452152" lon="-2.360014"><ele>204.4</ele><name>Cold Ashton</name><desc>10.2 mi to Bath</desc><sym>Dot</sym></wpt>
<wpt lat="51.659917" lon="-2.376628"><ele>121.6</ele><name>North Nibley</name><desc>34.3 mi to Bath</desc><sym>Dot</sym></wpt>
<wpt lat="51.556841" lon="-2.345416"><ele>150.0</ele><name>Horton</name><desc>21.6 mi to Bath</desc><sym>Dot</sym></wpt>
<wpt lat="51.718106" lon="-2.266967"><ele>0.0</ele><name>Climb +124 m</name><desc>124 m over 3.3 km, top at 47.3 mi to Bath</desc><sym>Summit</sym></wpt>
<wpt lat="51.702320" lon="-2.298986"><ele>0.0</ele><name>Climb +99 m</name><desc>99 m over 3.2 km, top at 44.9 mi to Bath</desc><sym>Summit</sym></wpt>
<wpt lat="51.681719" lon="-2.380965"><ele>0.0</ele><name>Climb +144 m</name><desc>144 m over 4.3 km, top at 39.4 mi to Bath</desc><sym>Summit</sym></wpt>
<wpt lat="51.652525" lon="-2.365508"><ele>0.0</ele><name>Climb +148 m</name><desc>148 m over 2.9 km, top at 35.0 mi to Bath</desc><sym>Summit</sym></wpt>
<wpt lat="51.638756" lon="-2.322998"><ele>0.0</ele><name>Climb +145 m</name><desc>145 m over 1.9 km, top at 31.2 mi to Bath</desc><sym>Summit</sym></wpt>
<wpt lat="51.580316" lon="-2.328058"><ele>0.0</ele><name>Climb +103 m</name><desc>103 m over 4.7 km, top at 26.8 mi to Bath</desc><sym>Summit</sym></wpt>
<wpt lat="51.498258" lon="-2.358544"><ele>0.0</ele><name>Climb +93 m</name><desc>93 m over 7.0 km, top at 18.9 mi to Bath</desc><sym>Summit</sym></wpt>
<wpt lat="51.451545" lon="-2.364703"><ele>0.0</ele><name>Climb +98 m</name><desc>98 m over 3.7 km, top at 12.3 mi to Bath</desc><sym>Summit</sym></wpt>
<wpt lat="51.430889" lon="-2.406563"><ele>0.0</ele><name>Climb +137 m</name><desc>137 m over 2.3 km, top at 8.5 mi to Bath</desc><sym>Summit</sym></wpt>
<trk><name>Cotswold Way Day 1 — Stonehouse to North Nibley</name><desc>13.0 mi, +597 m / -517 m. The hard one: Coaley Peak, Uley Bury, Cam Long Down, Stinchcombe Hill.</desc><trkseg>
<trkpt lat="51.740927" lon="-2.271736"><ele>37.3</ele></trkpt>
<trkpt lat="51.740785" lon="-2.271685"><ele>36.2</ele></trkpt>
<trkpt lat="51.740641" lon="-2.271663"><ele>35.0</ele></trkpt>
<trkpt lat="51.740302" lon="-2.271625"><ele>32.6</ele></trkpt>
<trkpt lat="51.740106" lon="-2.271604"><ele>31.3</ele></trkpt>
<trkpt lat="51.740075" lon="-2.271605"><ele>31.1</ele></trkpt>
<trkpt lat="51.739951" lon="-2.271643"><ele>30.3</ele></trkpt>
<trkpt lat="51.739889" lon="-2.271648"><ele>30.0</ele></trkpt>
<trkpt lat="51.739811" lon="-2.271667"><ele>29.5</ele></trkpt>
<trkpt lat="51.739740" lon="-2.271680"><ele>29.1</ele></trkpt>
<trkpt lat="51.739652" lon="-2.271700"><ele>28.7</ele></trkpt>
<trkpt lat="51.739615" lon="-2.271741"><ele>28.4</ele></trkpt>
<trkpt lat="51.739314" lon="-2.271813"><ele>27.4</ele></trkpt>
<trkpt lat="51.739277" lon="-2.271407"><ele>27.3</ele></trkpt>
<trkpt lat="51.739216" lon="-2.271422"><ele>27.3</ele></trkpt>
<trkpt lat="51.739164" lon="-2.271435"><ele>27.2</ele></trkpt>
<trkpt lat="51.739184" lon="-2.271641"><ele>27.2</ele></trkpt>
<trkpt lat="51.739134" lon="-2.271653"><ele>27.1</ele></trkpt>
<trkpt lat="51.739089" lon="-2.271664"><ele>27.1</ele></trkpt>
<trkpt lat="51.739065" lon="-2.271628"><ele>27.1</ele></trkpt>
<trkpt lat="51.739024" lon="-2.271582"><ele>27.0</ele></trkpt>
<trkpt lat="51.738965" lon="-2.271529"><ele>27.0</ele></trkpt>
<trkpt lat="51.738945" lon="-2.271523"><ele>27.0</ele></trkpt>
<trkpt lat="51.738907" lon="-2.271415"><ele>27.1</ele></trkpt>
<trkpt lat="51.738880" lon="-2.271435"><ele>27.1</ele></trkpt>
<trkpt lat="51.738870" lon="-2.271441"><ele>27.1</ele></trkpt>
<trkpt lat="51.738784" lon="-2.271491"><ele>27.1</ele></trkpt>
<trkpt lat="51.738771" lon="-2.271506"><ele>27.1</ele></trkpt>
<trkpt lat="51.738486" lon="-2.271810"><ele>27.2</ele></trkpt>
<trkpt lat="51.738422" lon="-2.271876"><ele>27.2</ele></trkpt>
<trkpt lat="51.738202" lon="-2.272018"><ele>27.3</ele></trkpt>
<trkpt lat="51.737995" lon="-2.272123"><ele>27.4</ele></trkpt>
<trkpt lat="51.737705" lon="-2.272357"><ele>27.5</ele></trkpt>
<trkpt lat="51.737252" lon="-2.272718"><ele>28.5</ele></trkpt>
<trkpt lat="51.737169" lon="-2.272826"><ele>28.9</ele></trkpt>
<trkpt lat="51.737118" lon="-2.272874"><ele>29.1</ele></trkpt>
<trkpt lat="51.736478" lon="-2.273201"><ele>29.1</ele></trkpt>
<trkpt lat="51.736404" lon="-2.273243"><ele>30.0</ele></trkpt>
<trkpt lat="51.736375" lon="-2.273259"><ele>30.4</ele></trkpt>
<trkpt lat="51.736244" lon="-2.273339"><ele>31.8</ele></trkpt>
<trkpt lat="51.736171" lon="-2.273202"><ele>32.9</ele></trkpt>
<trkpt lat="51.736096" lon="-2.273137"><ele>33.6</ele></trkpt>
<trkpt lat="51.736032" lon="-2.273100"><ele>34.0</ele></trkpt>
<trkpt lat="51.735399" lon="-2.272734"><ele>36.3</ele></trkpt>
<trkpt lat="51.735354" lon="-2.272714"><ele>36.4</ele></trkpt>
<trkpt lat="51.733941" lon="-2.272091"><ele>39.6</ele></trkpt>
<trkpt lat="51.732843" lon="-2.271419"><ele>41.6</ele></trkpt>
<trkpt lat="51.732083" lon="-2.271153"><ele>43.3</ele></trkpt>
<trkpt lat="51.731828" lon="-2.271496"><ele>43.7</ele></trkpt>
<trkpt lat="51.731776" lon="-2.271520"><ele>43.8</ele></trkpt>
<trkpt lat="51.731574" lon="-2.271615"><ele>44.4</ele></trkpt>
<trkpt lat="51.730796" lon="-2.270782"><ele>47.6</ele></trkpt>
<trkpt lat="51.730776" lon="-2.270761"><ele>47.7</ele></trkpt>
<trkpt lat="51.730864" lon="-2.270031"><ele>49.5</ele></trkpt>
<trkpt lat="51.730850" lon="-2.269941"><ele>49.7</ele></trkpt>
<trkpt lat="51.730819" lon="-2.269741"><ele>50.3</ele></trkpt>
<trkpt lat="51.729521" lon="-2.267275"><ele>60.5</ele></trkpt>
<trkpt lat="51.729434" lon="-2.267118"><ele>61.7</ele></trkpt>
<trkpt lat="51.728423" lon="-2.265578"><ele>70.2</ele></trkpt>
<trkpt lat="51.728133" lon="-2.265303"><ele>72.2</ele></trkpt>
<trkpt lat="51.727836" lon="-2.265149"><ele>75.3</ele></trkpt>
<trkpt lat="51.727926" lon="-2.264722"><ele>75.9</ele></trkpt>
<trkpt lat="51.727946" lon="-2.264328"><ele>75.4</ele></trkpt>
<trkpt lat="51.727948" lon="-2.264277"><ele>75.3</ele></trkpt>
<trkpt lat="51.727980" lon="-2.263473"><ele>74.1</ele></trkpt>
<trkpt lat="51.727446" lon="-2.262553"><ele>75.7</ele></trkpt>
<trkpt lat="51.727249" lon="-2.262324"><ele>76.7</ele></trkpt>
<trkpt lat="51.726904" lon="-2.262257"><ele>78.7</ele></trkpt>
<trkpt lat="51.726796" lon="-2.262015"><ele>78.9</ele></trkpt>
<trkpt lat="51.726603" lon="-2.261761"><ele>79.0</ele></trkpt>
<trkpt lat="51.726500" lon="-2.261655"><ele>79.1</ele></trkpt>
<trkpt lat="51.726378" lon="-2.261531"><ele>79.1</ele></trkpt>
<trkpt lat="51.726315" lon="-2.261469"><ele>79.3</ele></trkpt>
<trkpt lat="51.725724" lon="-2.261825"><ele>82.7</ele></trkpt>
<trkpt lat="51.725642" lon="-2.261976"><ele>83.6</ele></trkpt>
<trkpt lat="51.725586" lon="-2.262101"><ele>84.5</ele></trkpt>
<trkpt lat="51.724691" lon="-2.262724"><ele>97.6</ele></trkpt>
<trkpt lat="51.724332" lon="-2.263305"><ele>103.4</ele></trkpt>
<trkpt lat="51.724044" lon="-2.264003"><ele>111.3</ele></trkpt>
<trkpt lat="51.724005" lon="-2.264093"><ele>112.6</ele></trkpt>
<trkpt lat="51.723981" lon="-2.264138"><ele>113.6</ele></trkpt>
<trkpt lat="51.723897" lon="-2.264126"><ele>115.9</ele></trkpt>
<trkpt lat="51.723785" lon="-2.264085"><ele>119.0</ele></trkpt>
<trkpt lat="51.723672" lon="-2.264034"><ele>122.6</ele></trkpt>
<trkpt lat="51.723463" lon="-2.264021"><ele>129.2</ele></trkpt>
<trkpt lat="51.723301" lon="-2.264044"><ele>134.5</ele></trkpt>
<trkpt lat="51.723175" lon="-2.264110"><ele>138.4</ele></trkpt>
<trkpt lat="51.722934" lon="-2.264477"><ele>143.8</ele></trkpt>
<trkpt lat="51.722990" lon="-2.264775"><ele>143.3</ele></trkpt>
<trkpt lat="51.722820" lon="-2.265496"><ele>141.6</ele></trkpt>
<trkpt lat="51.722558" lon="-2.265985"><ele>142.1</ele></trkpt>
<trkpt lat="51.722486" lon="-2.266037"><ele>142.4</ele></trkpt>
<trkpt lat="51.722324" lon="-2.266195"><ele>143.8</ele></trkpt>
<trkpt lat="51.722019" lon="-2.266193"><ele>146.3</ele></trkpt>
<trkpt lat="51.720680" lon="-2.266613"><ele>142.0</ele></trkpt>
<trkpt lat="51.719968" lon="-2.266311"><ele>148.1</ele></trkpt>
<trkpt lat="51.718786" lon="-2.266106"><ele>159.3</ele></trkpt>
<trkpt lat="51.718608" lon="-2.266150"><ele>160.8</ele></trkpt>
<trkpt lat="51.717975" lon="-2.267180"><ele>161.1</ele></trkpt>
<trkpt lat="51.717860" lon="-2.267874"><ele>161.4</ele></trkpt>
<trkpt lat="51.717951" lon="-2.268508"><ele>157.1</ele></trkpt>
<trkpt lat="51.718044" lon="-2.269274"><ele>156.2</ele></trkpt>
<trkpt lat="51.718083" lon="-2.269481"><ele>155.5</ele></trkpt>
<trkpt lat="51.718133" lon="-2.269703"><ele>153.7</ele></trkpt>
<trkpt lat="51.718259" lon="-2.269903"><ele>151.5</ele></trkpt>
<trkpt lat="51.718536" lon="-2.270523"><ele>148.5</ele></trkpt>
<trkpt lat="51.718620" lon="-2.270901"><ele>150.7</ele></trkpt>
<trkpt lat="51.719096" lon="-2.272124"><ele>147.9</ele></trkpt>
<trkpt lat="51.719319" lon="-2.272357"><ele>144.3</ele></trkpt>
<trkpt lat="51.719425" lon="-2.272732"><ele>142.4</ele></trkpt>
<trkpt lat="51.719633" lon="-2.273403"><ele>136.9</ele></trkpt>
<trkpt lat="51.719926" lon="-2.274021"><ele>123.7</ele></trkpt>
<trkpt lat="51.720076" lon="-2.274197"><ele>119.4</ele></trkpt>
<trkpt lat="51.720134" lon="-2.274953"><ele>117.8</ele></trkpt>
<trkpt lat="51.719989" lon="-2.276331"><ele>123.7</ele></trkpt>
<trkpt lat="51.719638" lon="-2.277658"><ele>125.9</ele></trkpt>
<trkpt lat="51.719231" lon="-2.278568"><ele>129.3</ele></trkpt>
<trkpt lat="51.718673" lon="-2.279234"><ele>127.5</ele></trkpt>
<trkpt lat="51.718441" lon="-2.279459"><ele>128.2</ele></trkpt>
<trkpt lat="51.718140" lon="-2.279952"><ele>128.6</ele></trkpt>
<trkpt lat="51.717897" lon="-2.280269"><ele>130.3</ele></trkpt>
<trkpt lat="51.717646" lon="-2.281013"><ele>130.7</ele></trkpt>
<trkpt lat="51.717428" lon="-2.281512"><ele>134.2</ele></trkpt>
<trkpt lat="51.717307" lon="-2.281672"><ele>136.9</ele></trkpt>
<trkpt lat="51.717077" lon="-2.282184"><ele>143.9</ele></trkpt>
<trkpt lat="51.716945" lon="-2.282774"><ele>147.8</ele></trkpt>
<trkpt lat="51.716615" lon="-2.283299"><ele>156.4</ele></trkpt>
<trkpt lat="51.716594" lon="-2.283454"><ele>155.8</ele></trkpt>
<trkpt lat="51.716485" lon="-2.283925"><ele>155.3</ele></trkpt>
<trkpt lat="51.716102" lon="-2.284558"><ele>163.7</ele></trkpt>
<trkpt lat="51.715657" lon="-2.285642"><ele>177.2</ele></trkpt>
<trkpt lat="51.715449" lon="-2.286624"><ele>190.5</ele></trkpt>
<trkpt lat="51.715380" lon="-2.287484"><ele>198.6</ele></trkpt>
<trkpt lat="51.715364" lon="-2.288717"><ele>204.0</ele></trkpt>
<trkpt lat="51.715401" lon="-2.288991"><ele>204.6</ele></trkpt>
<trkpt lat="51.715394" lon="-2.289639"><ele>207.0</ele></trkpt>
<trkpt lat="51.715192" lon="-2.290738"><ele>211.0</ele></trkpt>
<trkpt lat="51.715010" lon="-2.291425"><ele>210.8</ele></trkpt>
<trkpt lat="51.714926" lon="-2.291533"><ele>211.4</ele></trkpt>
<trkpt lat="51.714148" lon="-2.292756"><ele>215.5</ele></trkpt>
<trkpt lat="51.713590" lon="-2.294133"><ele>214.7</ele></trkpt>
<trkpt lat="51.712966" lon="-2.295006"><ele>219.3</ele></trkpt>
<trkpt lat="51.712665" lon="-2.295463"><ele>218.7</ele></trkpt>
<trkpt lat="51.712631" lon="-2.295714"><ele>217.7</ele></trkpt>
<trkpt lat="51.712528" lon="-2.295901"><ele>216.9</ele></trkpt>
<trkpt lat="51.712474" lon="-2.295998"><ele>216.5</ele></trkpt>
<trkpt lat="51.712400" lon="-2.296839"><ele>214.4</ele></trkpt>
<trkpt lat="51.712321" lon="-2.296992"><ele>214.0</ele></trkpt>
<trkpt lat="51.712013" lon="-2.297248"><ele>218.4</ele></trkpt>
<trkpt lat="51.711927" lon="-2.297289"><ele>219.8</ele></trkpt>
<trkpt lat="51.711847" lon="-2.297321"><ele>221.0</ele></trkpt>
<trkpt lat="51.711666" lon="-2.297933"><ele>225.3</ele></trkpt>
<trkpt lat="51.711681" lon="-2.298149"><ele>225.9</ele></trkpt>
<trkpt lat="51.711589" lon="-2.298330"><ele>226.5</ele></trkpt>
<trkpt lat="51.711518" lon="-2.298469"><ele>227.0</ele></trkpt>
<trkpt lat="51.711293" lon="-2.298731"><ele>227.9</ele></trkpt>
<trkpt lat="51.711196" lon="-2.298952"><ele>227.9</ele></trkpt>
<trkpt lat="51.711161" lon="-2.299031"><ele>227.9</ele></trkpt>
<trkpt lat="51.710866" lon="-2.299348"><ele>228.1</ele></trkpt>
<trkpt lat="51.710651" lon="-2.299366"><ele>228.3</ele></trkpt>
<trkpt lat="51.710266" lon="-2.299398"><ele>227.9</ele></trkpt>
<trkpt lat="51.710133" lon="-2.299436"><ele>227.6</ele></trkpt>
<trkpt lat="51.709699" lon="-2.299664"><ele>223.8</ele></trkpt>
<trkpt lat="51.709464" lon="-2.299626"><ele>220.7</ele></trkpt>
<trkpt lat="51.709125" lon="-2.299538"><ele>217.0</ele></trkpt>
<trkpt lat="51.708936" lon="-2.299488"><ele>216.1</ele></trkpt>
<trkpt lat="51.708621" lon="-2.299428"><ele>215.7</ele></trkpt>
<trkpt lat="51.707991" lon="-2.299656"><ele>216.0</ele></trkpt>
<trkpt lat="51.707516" lon="-2.300325"><ele>212.4</ele></trkpt>
<trkpt lat="51.707427" lon="-2.300366"><ele>211.8</ele></trkpt>
<trkpt lat="51.707367" lon="-2.300383"><ele>211.5</ele></trkpt>
<trkpt lat="51.707309" lon="-2.300346"><ele>211.7</ele></trkpt>
<trkpt lat="51.707169" lon="-2.300176"><ele>213.5</ele></trkpt>
<trkpt lat="51.707107" lon="-2.300096"><ele>214.3</ele></trkpt>
<trkpt lat="51.707069" lon="-2.299973"><ele>215.3</ele></trkpt>
<trkpt lat="51.707000" lon="-2.299832"><ele>216.6</ele></trkpt>
<trkpt lat="51.706790" lon="-2.299580"><ele>217.9</ele></trkpt>
<trkpt lat="51.706619" lon="-2.299272"><ele>219.3</ele></trkpt>
<trkpt lat="51.706427" lon="-2.299181"><ele>219.6</ele></trkpt>
<trkpt lat="51.705780" lon="-2.298932"><ele>219.1</ele></trkpt>
<trkpt lat="51.705735" lon="-2.298946"><ele>219.3</ele></trkpt>
<trkpt lat="51.705646" lon="-2.298907"><ele>219.7</ele></trkpt>
<trkpt lat="51.705471" lon="-2.298847"><ele>220.1</ele></trkpt>
<trkpt lat="51.705333" lon="-2.298924"><ele>219.2</ele></trkpt>
<trkpt lat="51.705167" lon="-2.298978"><ele>218.7</ele></trkpt>
<trkpt lat="51.704621" lon="-2.299034"><ele>220.3</ele></trkpt>
<trkpt lat="51.704563" lon="-2.299037"><ele>220.7</ele></trkpt>
<trkpt lat="51.704144" lon="-2.298980"><ele>224.2</ele></trkpt>
<trkpt lat="51.704036" lon="-2.298950"><ele>225.1</ele></trkpt>
<trkpt lat="51.703997" lon="-2.298953"><ele>225.4</ele></trkpt>
<trkpt lat="51.703575" lon="-2.298981"><ele>228.1</ele></trkpt>
<trkpt lat="51.703538" lon="-2.299007"><ele>228.4</ele></trkpt>
<trkpt lat="51.703164" lon="-2.298964"><ele>232.5</ele></trkpt>
<trkpt lat="51.703104" lon="-2.298856"><ele>233.7</ele></trkpt>
<trkpt lat="51.702699" lon="-2.298925"><ele>237.8</ele></trkpt>
<trkpt lat="51.702130" lon="-2.299016"><ele>240.3</ele></trkpt>
<trkpt lat="51.702067" lon="-2.299064"><ele>239.9</ele></trkpt>
<trkpt lat="51.702002" lon="-2.299178"><ele>238.0</ele></trkpt>
<trkpt lat="51.701820" lon="-2.299319"><ele>233.6</ele></trkpt>
<trkpt lat="51.701454" lon="-2.299742"><ele>220.1</ele></trkpt>
<trkpt lat="51.701130" lon="-2.300218"><ele>208.8</ele></trkpt>
<trkpt lat="51.700813" lon="-2.300823"><ele>199.1</ele></trkpt>
<trkpt lat="51.700546" lon="-2.301568"><ele>194.7</ele></trkpt>
<trkpt lat="51.700332" lon="-2.302217"><ele>198.2</ele></trkpt>
<trkpt lat="51.700097" lon="-2.303268"><ele>201.3</ele></trkpt>
<trkpt lat="51.699927" lon="-2.304105"><ele>203.5</ele></trkpt>
<trkpt lat="51.699866" lon="-2.304390"><ele>204.3</ele></trkpt>
<trkpt lat="51.699904" lon="-2.305117"><ele>198.2</ele></trkpt>
<trkpt lat="51.699879" lon="-2.305751"><ele>193.6</ele></trkpt>
<trkpt lat="51.699770" lon="-2.306393"><ele>189.9</ele></trkpt>
<trkpt lat="51.699256" lon="-2.307021"><ele>193.6</ele></trkpt>
<trkpt lat="51.698791" lon="-2.307266"><ele>197.3</ele></trkpt>
<trkpt lat="51.697936" lon="-2.307620"><ele>204.2</ele></trkpt>
<trkpt lat="51.697576" lon="-2.307805"><ele>209.2</ele></trkpt>
<trkpt lat="51.696403" lon="-2.309649"><ele>203.1</ele></trkpt>
<trkpt lat="51.695916" lon="-2.310109"><ele>207.0</ele></trkpt>
<trkpt lat="51.695637" lon="-2.310223"><ele>210.2</ele></trkpt>
<trkpt lat="51.694225" lon="-2.310350"><ele>220.3</ele></trkpt>
<trkpt lat="51.693482" lon="-2.310066"><ele>221.8</ele></trkpt>
<trkpt lat="51.693340" lon="-2.310056"><ele>219.5</ele></trkpt>
<trkpt lat="51.693245" lon="-2.310147"><ele>217.7</ele></trkpt>
<trkpt lat="51.692813" lon="-2.309922"><ele>218.1</ele></trkpt>
<trkpt lat="51.692505" lon="-2.309851"><ele>219.2</ele></trkpt>
<trkpt lat="51.692331" lon="-2.309792"><ele>218.6</ele></trkpt>
<trkpt lat="51.691949" lon="-2.310521"><ele>207.5</ele></trkpt>
<trkpt lat="51.691585" lon="-2.311320"><ele>198.2</ele></trkpt>
<trkpt lat="51.691418" lon="-2.311728"><ele>197.2</ele></trkpt>
<trkpt lat="51.691326" lon="-2.312262"><ele>192.2</ele></trkpt>
<trkpt lat="51.691298" lon="-2.312718"><ele>186.2</ele></trkpt>
<trkpt lat="51.691320" lon="-2.313222"><ele>178.1</ele></trkpt>
<trkpt lat="51.691185" lon="-2.314060"><ele>167.1</ele></trkpt>
<trkpt lat="51.691168" lon="-2.314523"><ele>159.7</ele></trkpt>
<trkpt lat="51.691283" lon="-2.314977"><ele>150.8</ele></trkpt>
<trkpt lat="51.691366" lon="-2.315221"><ele>146.0</ele></trkpt>
<trkpt lat="51.691385" lon="-2.315350"><ele>143.9</ele></trkpt>
<trkpt lat="51.691521" lon="-2.315585"><ele>139.7</ele></trkpt>
<trkpt lat="51.692036" lon="-2.316441"><ele>132.0</ele></trkpt>
<trkpt lat="51.692081" lon="-2.316629"><ele>131.7</ele></trkpt>
<trkpt lat="51.692079" lon="-2.316853"><ele>131.3</ele></trkpt>
<trkpt lat="51.692016" lon="-2.317207"><ele>130.7</ele></trkpt>
<trkpt lat="51.691966" lon="-2.317317"><ele>130.8</ele></trkpt>
<trkpt lat="51.691914" lon="-2.317375"><ele>130.9</ele></trkpt>
<trkpt lat="51.691828" lon="-2.317453"><ele>131.2</ele></trkpt>
<trkpt lat="51.691773" lon="-2.317493"><ele>131.2</ele></trkpt>
<trkpt lat="51.691748" lon="-2.317540"><ele>131.0</ele></trkpt>
<trkpt lat="51.691785" lon="-2.317580"><ele>130.8</ele></trkpt>
<trkpt lat="51.692333" lon="-2.319139"><ele>128.8</ele></trkpt>
<trkpt lat="51.692381" lon="-2.319187"><ele>129.0</ele></trkpt>
<trkpt lat="51.692383" lon="-2.319310"><ele>129.2</ele></trkpt>
<trkpt lat="51.692372" lon="-2.319332"><ele>129.3</ele></trkpt>
<trkpt lat="51.692362" lon="-2.319351"><ele>129.3</ele></trkpt>
<trkpt lat="51.692956" lon="-2.320875"><ele>141.6</ele></trkpt>
<trkpt lat="51.693521" lon="-2.322770"><ele>175.3</ele></trkpt>
<trkpt lat="51.693463" lon="-2.322955"><ele>178.3</ele></trkpt>
<trkpt lat="51.693622" lon="-2.323295"><ele>184.8</ele></trkpt>
<trkpt lat="51.693662" lon="-2.323386"><ele>186.5</ele></trkpt>
<trkpt lat="51.693672" lon="-2.323409"><ele>186.9</ele></trkpt>
<trkpt lat="51.693682" lon="-2.323434"><ele>187.4</ele></trkpt>
<trkpt lat="51.693707" lon="-2.323475"><ele>188.2</ele></trkpt>
<trkpt lat="51.693683" lon="-2.323570"><ele>189.0</ele></trkpt>
<trkpt lat="51.693668" lon="-2.323669"><ele>189.8</ele></trkpt>
<trkpt lat="51.693683" lon="-2.323716"><ele>190.2</ele></trkpt>
<trkpt lat="51.693779" lon="-2.323703"><ele>191.4</ele></trkpt>
<trkpt lat="51.693854" lon="-2.323701"><ele>191.4</ele></trkpt>
<trkpt lat="51.693894" lon="-2.323690"><ele>191.4</ele></trkpt>
<trkpt lat="51.693937" lon="-2.323693"><ele>191.4</ele></trkpt>
<trkpt lat="51.693978" lon="-2.323723"><ele>191.4</ele></trkpt>
<trkpt lat="51.693952" lon="-2.323755"><ele>191.4</ele></trkpt>
<trkpt lat="51.693877" lon="-2.323795"><ele>192.1</ele></trkpt>
<trkpt lat="51.693801" lon="-2.323925"><ele>193.9</ele></trkpt>
<trkpt lat="51.693766" lon="-2.324118"><ele>196.0</ele></trkpt>
<trkpt lat="51.693710" lon="-2.324275"><ele>197.3</ele></trkpt>
<trkpt lat="51.693683" lon="-2.324379"><ele>198.1</ele></trkpt>
<trkpt lat="51.693643" lon="-2.324491"><ele>199.0</ele></trkpt>
<trkpt lat="51.693625" lon="-2.324604"><ele>199.1</ele></trkpt>
<trkpt lat="51.693545" lon="-2.324836"><ele>199.2</ele></trkpt>
<trkpt lat="51.693503" lon="-2.325013"><ele>199.1</ele></trkpt>
<trkpt lat="51.693486" lon="-2.325124"><ele>199.0</ele></trkpt>
<trkpt lat="51.693392" lon="-2.325374"><ele>197.9</ele></trkpt>
<trkpt lat="51.693379" lon="-2.325523"><ele>196.6</ele></trkpt>
<trkpt lat="51.693400" lon="-2.325864"><ele>193.9</ele></trkpt>
<trkpt lat="51.693449" lon="-2.326139"><ele>192.1</ele></trkpt>
<trkpt lat="51.693464" lon="-2.326181"><ele>192.5</ele></trkpt>
<trkpt lat="51.693478" lon="-2.326223"><ele>192.8</ele></trkpt>
<trkpt lat="51.693520" lon="-2.326395"><ele>194.2</ele></trkpt>
<trkpt lat="51.693548" lon="-2.326580"><ele>195.6</ele></trkpt>
<trkpt lat="51.693605" lon="-2.326788"><ele>197.2</ele></trkpt>
<trkpt lat="51.693613" lon="-2.326816"><ele>197.4</ele></trkpt>
<trkpt lat="51.693751" lon="-2.327091"><ele>198.2</ele></trkpt>
<trkpt lat="51.693973" lon="-2.327408"><ele>197.9</ele></trkpt>
<trkpt lat="51.694068" lon="-2.327658"><ele>197.1</ele></trkpt>
<trkpt lat="51.694236" lon="-2.328506"><ele>193.8</ele></trkpt>
<trkpt lat="51.694237" lon="-2.328809"><ele>193.0</ele></trkpt>
<trkpt lat="51.694247" lon="-2.329340"><ele>192.1</ele></trkpt>
<trkpt lat="51.694228" lon="-2.329898"><ele>191.6</ele></trkpt>
<trkpt lat="51.694185" lon="-2.330474"><ele>190.9</ele></trkpt>
<trkpt lat="51.694127" lon="-2.331024"><ele>190.8</ele></trkpt>
<trkpt lat="51.694052" lon="-2.331414"><ele>190.7</ele></trkpt>
<trkpt lat="51.693818" lon="-2.332013"><ele>185.2</ele></trkpt>
<trkpt lat="51.693648" lon="-2.332264"><ele>182.7</ele></trkpt>
<trkpt lat="51.693522" lon="-2.332361"><ele>181.6</ele></trkpt>
<trkpt lat="51.693388" lon="-2.332546"><ele>181.1</ele></trkpt>
<trkpt lat="51.693304" lon="-2.332581"><ele>180.8</ele></trkpt>
<trkpt lat="51.693225" lon="-2.332613"><ele>180.7</ele></trkpt>
<trkpt lat="51.693011" lon="-2.332745"><ele>180.1</ele></trkpt>
<trkpt lat="51.692284" lon="-2.333473"><ele>171.9</ele></trkpt>
<trkpt lat="51.691885" lon="-2.333971"><ele>163.6</ele></trkpt>
<trkpt lat="51.691456" lon="-2.334683"><ele>158.8</ele></trkpt>
<trkpt lat="51.691414" lon="-2.334755"><ele>158.4</ele></trkpt>
<trkpt lat="51.691365" lon="-2.334838"><ele>157.9</ele></trkpt>
<trkpt lat="51.691070" lon="-2.334783"><ele>154.0</ele></trkpt>
<trkpt lat="51.690887" lon="-2.334970"><ele>152.1</ele></trkpt>
<trkpt lat="51.690695" lon="-2.335171"><ele>150.2</ele></trkpt>
<trkpt lat="51.690648" lon="-2.335107"><ele>149.6</ele></trkpt>
<trkpt lat="51.690578" lon="-2.335021"><ele>148.0</ele></trkpt>
<trkpt lat="51.690460" lon="-2.334984"><ele>145.7</ele></trkpt>
<trkpt lat="51.690113" lon="-2.334697"><ele>137.3</ele></trkpt>
<trkpt lat="51.689640" lon="-2.334262"><ele>124.8</ele></trkpt>
<trkpt lat="51.689199" lon="-2.333859"><ele>115.1</ele></trkpt>
<trkpt lat="51.688989" lon="-2.333689"><ele>111.6</ele></trkpt>
<trkpt lat="51.688545" lon="-2.333306"><ele>106.4</ele></trkpt>
<trkpt lat="51.688401" lon="-2.333149"><ele>105.5</ele></trkpt>
<trkpt lat="51.688295" lon="-2.333039"><ele>104.9</ele></trkpt>
<trkpt lat="51.688274" lon="-2.333028"><ele>104.8</ele></trkpt>
<trkpt lat="51.688272" lon="-2.333055"><ele>104.8</ele></trkpt>
<trkpt lat="51.688236" lon="-2.333071"><ele>104.8</ele></trkpt>
<trkpt lat="51.688188" lon="-2.333171"><ele>104.6</ele></trkpt>
<trkpt lat="51.688139" lon="-2.333314"><ele>104.5</ele></trkpt>
<trkpt lat="51.687979" lon="-2.333749"><ele>104.3</ele></trkpt>
<trkpt lat="51.687818" lon="-2.334197"><ele>103.6</ele></trkpt>
<trkpt lat="51.687723" lon="-2.334445"><ele>103.1</ele></trkpt>
<trkpt lat="51.687671" lon="-2.334670"><ele>102.8</ele></trkpt>
<trkpt lat="51.687649" lon="-2.334783"><ele>102.6</ele></trkpt>
<trkpt lat="51.687646" lon="-2.334891"><ele>102.5</ele></trkpt>
<trkpt lat="51.687533" lon="-2.335177"><ele>102.1</ele></trkpt>
<trkpt lat="51.687240" lon="-2.335604"><ele>101.1</ele></trkpt>
<trkpt lat="51.687138" lon="-2.335844"><ele>100.7</ele></trkpt>
<trkpt lat="51.687016" lon="-2.336204"><ele>100.0</ele></trkpt>
<trkpt lat="51.686861" lon="-2.336632"><ele>99.4</ele></trkpt>
<trkpt lat="51.686812" lon="-2.336711"><ele>99.3</ele></trkpt>
<trkpt lat="51.686634" lon="-2.336990"><ele>98.9</ele></trkpt>
<trkpt lat="51.686494" lon="-2.337230"><ele>98.7</ele></trkpt>
<trkpt lat="51.686423" lon="-2.337405"><ele>98.6</ele></trkpt>
<trkpt lat="51.686372" lon="-2.337629"><ele>98.4</ele></trkpt>
<trkpt lat="51.686322" lon="-2.337737"><ele>98.2</ele></trkpt>
<trkpt lat="51.686221" lon="-2.337845"><ele>97.8</ele></trkpt>
<trkpt lat="51.685760" lon="-2.338244"><ele>96.1</ele></trkpt>
<trkpt lat="51.685418" lon="-2.338722"><ele>96.4</ele></trkpt>
<trkpt lat="51.685027" lon="-2.339060"><ele>96.8</ele></trkpt>
<trkpt lat="51.684754" lon="-2.339234"><ele>97.0</ele></trkpt>
<trkpt lat="51.684490" lon="-2.339485"><ele>97.8</ele></trkpt>
<trkpt lat="51.684469" lon="-2.339574"><ele>98.1</ele></trkpt>
<trkpt lat="51.684401" lon="-2.340126"><ele>100.2</ele></trkpt>
<trkpt lat="51.684278" lon="-2.340971"><ele>102.6</ele></trkpt>
<trkpt lat="51.684210" lon="-2.341466"><ele>103.3</ele></trkpt>
<trkpt lat="51.684030" lon="-2.342203"><ele>100.6</ele></trkpt>
<trkpt lat="51.683838" lon="-2.342798"><ele>98.1</ele></trkpt>
<trkpt lat="51.683775" lon="-2.343021"><ele>97.3</ele></trkpt>
<trkpt lat="51.683764" lon="-2.343271"><ele>96.5</ele></trkpt>
<trkpt lat="51.683749" lon="-2.343603"><ele>95.5</ele></trkpt>
<trkpt lat="51.683555" lon="-2.344339"><ele>92.9</ele></trkpt>
<trkpt lat="51.683488" lon="-2.344552"><ele>92.3</ele></trkpt>
<trkpt lat="51.683483" lon="-2.344568"><ele>92.3</ele></trkpt>
<trkpt lat="51.683391" lon="-2.344655"><ele>91.8</ele></trkpt>
<trkpt lat="51.682980" lon="-2.345042"><ele>91.0</ele></trkpt>
<trkpt lat="51.682877" lon="-2.345139"><ele>90.9</ele></trkpt>
<trkpt lat="51.682543" lon="-2.345383"><ele>90.8</ele></trkpt>
<trkpt lat="51.681954" lon="-2.345772"><ele>87.7</ele></trkpt>
<trkpt lat="51.681853" lon="-2.345808"><ele>86.8</ele></trkpt>
<trkpt lat="51.681826" lon="-2.345792"><ele>86.5</ele></trkpt>
<trkpt lat="51.681802" lon="-2.345844"><ele>86.1</ele></trkpt>
<trkpt lat="51.681719" lon="-2.346022"><ele>84.7</ele></trkpt>
<trkpt lat="51.681707" lon="-2.346064"><ele>84.4</ele></trkpt>
<trkpt lat="51.681656" lon="-2.346251"><ele>82.9</ele></trkpt>
<trkpt lat="51.681590" lon="-2.346433"><ele>81.4</ele></trkpt>
<trkpt lat="51.681568" lon="-2.346641"><ele>79.9</ele></trkpt>
<trkpt lat="51.681610" lon="-2.346883"><ele>78.4</ele></trkpt>
<trkpt lat="51.681767" lon="-2.347236"><ele>77.1</ele></trkpt>
<trkpt lat="51.681987" lon="-2.347872"><ele>74.9</ele></trkpt>
<trkpt lat="51.682264" lon="-2.348821"><ele>70.4</ele></trkpt>
<trkpt lat="51.682391" lon="-2.348987"><ele>69.1</ele></trkpt>
<trkpt lat="51.682531" lon="-2.349156"><ele>67.7</ele></trkpt>
<trkpt lat="51.682671" lon="-2.349311"><ele>66.1</ele></trkpt>
<trkpt lat="51.682634" lon="-2.350091"><ele>62.0</ele></trkpt>
<trkpt lat="51.682629" lon="-2.350179"><ele>61.9</ele></trkpt>
<trkpt lat="51.682642" lon="-2.350307"><ele>61.9</ele></trkpt>
<trkpt lat="51.682551" lon="-2.350605"><ele>62.2</ele></trkpt>
<trkpt lat="51.682542" lon="-2.350634"><ele>62.3</ele></trkpt>
<trkpt lat="51.682540" lon="-2.350649"><ele>62.3</ele></trkpt>
<trkpt lat="51.682542" lon="-2.350731"><ele>62.5</ele></trkpt>
<trkpt lat="51.682524" lon="-2.350935"><ele>63.0</ele></trkpt>
<trkpt lat="51.682509" lon="-2.350971"><ele>63.2</ele></trkpt>
<trkpt lat="51.682495" lon="-2.351002"><ele>63.4</ele></trkpt>
<trkpt lat="51.682445" lon="-2.351097"><ele>63.9</ele></trkpt>
<trkpt lat="51.682380" lon="-2.351265"><ele>64.9</ele></trkpt>
<trkpt lat="51.682239" lon="-2.351863"><ele>67.2</ele></trkpt>
<trkpt lat="51.682050" lon="-2.352274"><ele>69.1</ele></trkpt>
<trkpt lat="51.681671" lon="-2.353147"><ele>72.4</ele></trkpt>
<trkpt lat="51.681615" lon="-2.353277"><ele>73.0</ele></trkpt>
<trkpt lat="51.681451" lon="-2.353655"><ele>74.7</ele></trkpt>
<trkpt lat="51.681401" lon="-2.353763"><ele>75.1</ele></trkpt>
<trkpt lat="51.681450" lon="-2.353868"><ele>75.6</ele></trkpt>
<trkpt lat="51.681493" lon="-2.353947"><ele>75.9</ele></trkpt>
<trkpt lat="51.681460" lon="-2.353994"><ele>76.2</ele></trkpt>
<trkpt lat="51.681444" lon="-2.354140"><ele>76.7</ele></trkpt>
<trkpt lat="51.681397" lon="-2.354217"><ele>77.0</ele></trkpt>
<trkpt lat="51.681425" lon="-2.354491"><ele>77.7</ele></trkpt>
<trkpt lat="51.681476" lon="-2.354675"><ele>78.0</ele></trkpt>
<trkpt lat="51.681768" lon="-2.355732"><ele>77.5</ele></trkpt>
<trkpt lat="51.681922" lon="-2.356683"><ele>78.3</ele></trkpt>
<trkpt lat="51.681761" lon="-2.356781"><ele>78.9</ele></trkpt>
<trkpt lat="51.681582" lon="-2.356914"><ele>79.8</ele></trkpt>
<trkpt lat="51.681415" lon="-2.357038"><ele>80.7</ele></trkpt>
<trkpt lat="51.681381" lon="-2.357061"><ele>80.9</ele></trkpt>
<trkpt lat="51.681180" lon="-2.357193"><ele>82.1</ele></trkpt>
<trkpt lat="51.681016" lon="-2.357290"><ele>83.1</ele></trkpt>
<trkpt lat="51.680989" lon="-2.357317"><ele>83.3</ele></trkpt>
<trkpt lat="51.680949" lon="-2.357401"><ele>83.6</ele></trkpt>
<trkpt lat="51.680900" lon="-2.357490"><ele>83.9</ele></trkpt>
<trkpt lat="51.680914" lon="-2.357717"><ele>84.5</ele></trkpt>
<trkpt lat="51.680929" lon="-2.357897"><ele>85.0</ele></trkpt>
<trkpt lat="51.680927" lon="-2.358103"><ele>85.6</ele></trkpt>
<trkpt lat="51.680915" lon="-2.358296"><ele>86.9</ele></trkpt>
<trkpt lat="51.680901" lon="-2.358415"><ele>88.4</ele></trkpt>
<trkpt lat="51.680891" lon="-2.358645"><ele>91.1</ele></trkpt>
<trkpt lat="51.680878" lon="-2.358796"><ele>93.0</ele></trkpt>
<trkpt lat="51.680810" lon="-2.359196"><ele>98.2</ele></trkpt>
<trkpt lat="51.680779" lon="-2.359421"><ele>101.1</ele></trkpt>
<trkpt lat="51.680762" lon="-2.359662"><ele>104.4</ele></trkpt>
<trkpt lat="51.680754" lon="-2.360145"><ele>111.9</ele></trkpt>
<trkpt lat="51.680737" lon="-2.360210"><ele>113.1</ele></trkpt>
<trkpt lat="51.680731" lon="-2.360234"><ele>113.6</ele></trkpt>
<trkpt lat="51.680742" lon="-2.360427"><ele>116.9</ele></trkpt>
<trkpt lat="51.680757" lon="-2.360541"><ele>118.9</ele></trkpt>
<trkpt lat="51.680740" lon="-2.360932"><ele>125.7</ele></trkpt>
<trkpt lat="51.680485" lon="-2.363098"><ele>152.8</ele></trkpt>
<trkpt lat="51.680400" lon="-2.364341"><ele>168.1</ele></trkpt>
<trkpt lat="51.680298" lon="-2.365231"><ele>179.2</ele></trkpt>
<trkpt lat="51.680303" lon="-2.365666"><ele>183.2</ele></trkpt>
<trkpt lat="51.680302" lon="-2.365912"><ele>185.3</ele></trkpt>
<trkpt lat="51.680327" lon="-2.366532"><ele>189.1</ele></trkpt>
<trkpt lat="51.680324" lon="-2.366830"><ele>190.1</ele></trkpt>
<trkpt lat="51.680320" lon="-2.367200"><ele>190.2</ele></trkpt>
<trkpt lat="51.680339" lon="-2.367389"><ele>190.2</ele></trkpt>
<trkpt lat="51.680897" lon="-2.367292"><ele>189.8</ele></trkpt>
<trkpt lat="51.681252" lon="-2.367519"><ele>190.2</ele></trkpt>
<trkpt lat="51.682190" lon="-2.367886"><ele>191.9</ele></trkpt>
<trkpt lat="51.683110" lon="-2.368313"><ele>197.7</ele></trkpt>
<trkpt lat="51.683693" lon="-2.368674"><ele>201.7</ele></trkpt>
<trkpt lat="51.684191" lon="-2.369287"><ele>201.9</ele></trkpt>
<trkpt lat="51.684349" lon="-2.369493"><ele>201.7</ele></trkpt>
<trkpt lat="51.684466" lon="-2.369755"><ele>202.0</ele></trkpt>
<trkpt lat="51.684595" lon="-2.369977"><ele>202.4</ele></trkpt>
<trkpt lat="51.684620" lon="-2.370057"><ele>202.6</ele></trkpt>
<trkpt lat="51.684848" lon="-2.370086"><ele>202.4</ele></trkpt>
<trkpt lat="51.685064" lon="-2.370078"><ele>202.1</ele></trkpt>
<trkpt lat="51.685099" lon="-2.370075"><ele>202.0</ele></trkpt>
<trkpt lat="51.685189" lon="-2.370211"><ele>201.8</ele></trkpt>
<trkpt lat="51.685328" lon="-2.370233"><ele>201.6</ele></trkpt>
<trkpt lat="51.685707" lon="-2.370214"><ele>200.9</ele></trkpt>
<trkpt lat="51.686010" lon="-2.370027"><ele>200.2</ele></trkpt>
<trkpt lat="51.686159" lon="-2.369947"><ele>200.2</ele></trkpt>
<trkpt lat="51.686245" lon="-2.370005"><ele>200.9</ele></trkpt>
<trkpt lat="51.686278" lon="-2.370113"><ele>201.6</ele></trkpt>
<trkpt lat="51.686341" lon="-2.370154"><ele>202.2</ele></trkpt>
<trkpt lat="51.686422" lon="-2.370153"><ele>202.7</ele></trkpt>
<trkpt lat="51.686505" lon="-2.370117"><ele>202.8</ele></trkpt>
<trkpt lat="51.686556" lon="-2.370084"><ele>202.8</ele></trkpt>
<trkpt lat="51.686628" lon="-2.369997"><ele>202.8</ele></trkpt>
<trkpt lat="51.686739" lon="-2.369825"><ele>202.6</ele></trkpt>
<trkpt lat="51.687101" lon="-2.369564"><ele>202.3</ele></trkpt>
<trkpt lat="51.687609" lon="-2.368959"><ele>198.2</ele></trkpt>
<trkpt lat="51.687767" lon="-2.368848"><ele>197.4</ele></trkpt>
<trkpt lat="51.688098" lon="-2.368660"><ele>196.5</ele></trkpt>
<trkpt lat="51.688353" lon="-2.368616"><ele>196.6</ele></trkpt>
<trkpt lat="51.688397" lon="-2.368690"><ele>197.2</ele></trkpt>
<trkpt lat="51.688654" lon="-2.369128"><ele>201.1</ele></trkpt>
<trkpt lat="51.688770" lon="-2.369454"><ele>204.0</ele></trkpt>
<trkpt lat="51.688949" lon="-2.369811"><ele>205.9</ele></trkpt>
<trkpt lat="51.689084" lon="-2.370312"><ele>205.6</ele></trkpt>
<trkpt lat="51.689062" lon="-2.370947"><ele>205.1</ele></trkpt>
<trkpt lat="51.689204" lon="-2.371321"><ele>203.8</ele></trkpt>
<trkpt lat="51.689146" lon="-2.371632"><ele>202.3</ele></trkpt>
<trkpt lat="51.688831" lon="-2.371958"><ele>200.0</ele></trkpt>
<trkpt lat="51.688667" lon="-2.372058"><ele>199.4</ele></trkpt>
<trkpt lat="51.688348" lon="-2.372215"><ele>199.8</ele></trkpt>
<trkpt lat="51.688051" lon="-2.372266"><ele>200.3</ele></trkpt>
<trkpt lat="51.687978" lon="-2.372321"><ele>200.4</ele></trkpt>
<trkpt lat="51.687787" lon="-2.372466"><ele>199.9</ele></trkpt>
<trkpt lat="51.687427" lon="-2.372756"><ele>199.5</ele></trkpt>
<trkpt lat="51.687193" lon="-2.372865"><ele>200.6</ele></trkpt>
<trkpt lat="51.687004" lon="-2.372877"><ele>202.3</ele></trkpt>
<trkpt lat="51.686434" lon="-2.373252"><ele>206.5</ele></trkpt>
<trkpt lat="51.686336" lon="-2.373136"><ele>206.8</ele></trkpt>
<trkpt lat="51.686235" lon="-2.373562"><ele>207.1</ele></trkpt>
<trkpt lat="51.686104" lon="-2.373915"><ele>207.1</ele></trkpt>
<trkpt lat="51.686050" lon="-2.374486"><ele>206.8</ele></trkpt>
<trkpt lat="51.685960" lon="-2.375029"><ele>206.5</ele></trkpt>
<trkpt lat="51.685771" lon="-2.375434"><ele>206.8</ele></trkpt>
<trkpt lat="51.685513" lon="-2.375688"><ele>207.0</ele></trkpt>
<trkpt lat="51.685431" lon="-2.375821"><ele>206.9</ele></trkpt>
<trkpt lat="51.685321" lon="-2.376180"><ele>206.6</ele></trkpt>
<trkpt lat="51.685326" lon="-2.376295"><ele>206.5</ele></trkpt>
<trkpt lat="51.685761" lon="-2.377694"><ele>203.2</ele></trkpt>
<trkpt lat="51.685858" lon="-2.377812"><ele>202.6</ele></trkpt>
<trkpt lat="51.686100" lon="-2.377862"><ele>201.4</ele></trkpt>
<trkpt lat="51.686321" lon="-2.377928"><ele>200.2</ele></trkpt>
<trkpt lat="51.686344" lon="-2.378275"><ele>200.3</ele></trkpt>
<trkpt lat="51.686380" lon="-2.378538"><ele>200.4</ele></trkpt>
<trkpt lat="51.686461" lon="-2.378822"><ele>200.0</ele></trkpt>
<trkpt lat="51.686585" lon="-2.379232"><ele>199.0</ele></trkpt>
<trkpt lat="51.686772" lon="-2.379834"><ele>196.0</ele></trkpt>
<trkpt lat="51.686789" lon="-2.379978"><ele>195.0</ele></trkpt>
<trkpt lat="51.686742" lon="-2.380094"><ele>194.7</ele></trkpt>
<trkpt lat="51.686644" lon="-2.380204"><ele>194.5</ele></trkpt>
<trkpt lat="51.686521" lon="-2.380266"><ele>194.5</ele></trkpt>
<trkpt lat="51.686335" lon="-2.380300"><ele>195.1</ele></trkpt>
<trkpt lat="51.686282" lon="-2.380317"><ele>195.2</ele></trkpt>
<trkpt lat="51.686138" lon="-2.380352"><ele>194.9</ele></trkpt>
<trkpt lat="51.685940" lon="-2.380445"><ele>194.3</ele></trkpt>
<trkpt lat="51.685700" lon="-2.380579"><ele>193.3</ele></trkpt>
<trkpt lat="51.685445" lon="-2.380804"><ele>192.7</ele></trkpt>
<trkpt lat="51.685146" lon="-2.381122"><ele>193.4</ele></trkpt>
<trkpt lat="51.684743" lon="-2.381582"><ele>195.2</ele></trkpt>
<trkpt lat="51.684391" lon="-2.381851"><ele>196.5</ele></trkpt>
<trkpt lat="51.684237" lon="-2.381975"><ele>197.0</ele></trkpt>
<trkpt lat="51.684089" lon="-2.382181"><ele>197.1</ele></trkpt>
<trkpt lat="51.683998" lon="-2.382302"><ele>196.9</ele></trkpt>
<trkpt lat="51.683911" lon="-2.382430"><ele>196.5</ele></trkpt>
<trkpt lat="51.683846" lon="-2.382549"><ele>195.8</ele></trkpt>
<trkpt lat="51.683820" lon="-2.382593"><ele>195.6</ele></trkpt>
<trkpt lat="51.683749" lon="-2.382728"><ele>194.7</ele></trkpt>
<trkpt lat="51.683699" lon="-2.382866"><ele>193.2</ele></trkpt>
<trkpt lat="51.683670" lon="-2.383018"><ele>191.8</ele></trkpt>
<trkpt lat="51.683642" lon="-2.383047"><ele>191.4</ele></trkpt>
<trkpt lat="51.683617" lon="-2.383051"><ele>191.3</ele></trkpt>
<trkpt lat="51.683592" lon="-2.383038"><ele>191.7</ele></trkpt>
<trkpt lat="51.683567" lon="-2.382974"><ele>192.2</ele></trkpt>
<trkpt lat="51.683495" lon="-2.382859"><ele>193.4</ele></trkpt>
<trkpt lat="51.683293" lon="-2.382636"><ele>195.7</ele></trkpt>
<trkpt lat="51.683042" lon="-2.382398"><ele>197.9</ele></trkpt>
<trkpt lat="51.682768" lon="-2.382189"><ele>200.3</ele></trkpt>
<trkpt lat="51.682476" lon="-2.381984"><ele>203.7</ele></trkpt>
<trkpt lat="51.682409" lon="-2.381956"><ele>204.2</ele></trkpt>
<trkpt lat="51.682185" lon="-2.381863"><ele>205.7</ele></trkpt>
<trkpt lat="51.681858" lon="-2.381807"><ele>206.4</ele></trkpt>
<trkpt lat="51.681538" lon="-2.381774"><ele>206.0</ele></trkpt>
<trkpt lat="51.681307" lon="-2.381812"><ele>204.8</ele></trkpt>
<trkpt lat="51.680710" lon="-2.381947"><ele>201.4</ele></trkpt>
<trkpt lat="51.680847" lon="-2.381855"><ele>201.9</ele></trkpt>
<trkpt lat="51.680984" lon="-2.381751"><ele>203.7</ele></trkpt>
<trkpt lat="51.681163" lon="-2.381542"><ele>206.2</ele></trkpt>
<trkpt lat="51.681374" lon="-2.381374"><ele>207.9</ele></trkpt>
<trkpt lat="51.681677" lon="-2.381053"><ele>208.0</ele></trkpt>
<trkpt lat="51.681739" lon="-2.380924"><ele>207.8</ele></trkpt>
<trkpt lat="51.681864" lon="-2.380666"><ele>207.2</ele></trkpt>
<trkpt lat="51.682012" lon="-2.380252"><ele>206.6</ele></trkpt>
<trkpt lat="51.682075" lon="-2.379866"><ele>205.6</ele></trkpt>
<trkpt lat="51.682066" lon="-2.379745"><ele>205.0</ele></trkpt>
<trkpt lat="51.682032" lon="-2.379485"><ele>203.0</ele></trkpt>
<trkpt lat="51.682000" lon="-2.379378"><ele>202.2</ele></trkpt>
<trkpt lat="51.682009" lon="-2.379224"><ele>201.6</ele></trkpt>
<trkpt lat="51.682015" lon="-2.379162"><ele>201.4</ele></trkpt>
<trkpt lat="51.682049" lon="-2.378842"><ele>200.2</ele></trkpt>
<trkpt lat="51.682076" lon="-2.378518"><ele>198.9</ele></trkpt>
<trkpt lat="51.682081" lon="-2.378279"><ele>197.7</ele></trkpt>
<trkpt lat="51.682060" lon="-2.378027"><ele>196.4</ele></trkpt>
<trkpt lat="51.682013" lon="-2.377732"><ele>194.5</ele></trkpt>
<trkpt lat="51.681977" lon="-2.377596"><ele>193.7</ele></trkpt>
<trkpt lat="51.681930" lon="-2.377402"><ele>192.6</ele></trkpt>
<trkpt lat="51.681901" lon="-2.377285"><ele>191.9</ele></trkpt>
<trkpt lat="51.681980" lon="-2.377273"><ele>193.0</ele></trkpt>
<trkpt lat="51.682058" lon="-2.377324"><ele>194.2</ele></trkpt>
<trkpt lat="51.682161" lon="-2.377408"><ele>195.9</ele></trkpt>
<trkpt lat="51.682225" lon="-2.377506"><ele>197.1</ele></trkpt>
<trkpt lat="51.682358" lon="-2.377571"><ele>199.0</ele></trkpt>
<trkpt lat="51.682488" lon="-2.377566"><ele>199.9</ele></trkpt>
<trkpt lat="51.682641" lon="-2.377450"><ele>200.7</ele></trkpt>
<trkpt lat="51.682675" lon="-2.377401"><ele>200.7</ele></trkpt>
<trkpt lat="51.682808" lon="-2.377208"><ele>200.3</ele></trkpt>
<trkpt lat="51.682964" lon="-2.377008"><ele>199.8</ele></trkpt>
<trkpt lat="51.683111" lon="-2.376607"><ele>198.7</ele></trkpt>
<trkpt lat="51.683354" lon="-2.375751"><ele>196.4</ele></trkpt>
<trkpt lat="51.683590" lon="-2.374981"><ele>196.7</ele></trkpt>
<trkpt lat="51.683781" lon="-2.374543"><ele>198.0</ele></trkpt>
<trkpt lat="51.683890" lon="-2.374258"><ele>198.4</ele></trkpt>
<trkpt lat="51.684158" lon="-2.373787"><ele>199.3</ele></trkpt>
<trkpt lat="51.684298" lon="-2.373319"><ele>199.2</ele></trkpt>
<trkpt lat="51.684352" lon="-2.373004"><ele>199.3</ele></trkpt>
<trkpt lat="51.684330" lon="-2.372760"><ele>199.3</ele></trkpt>
<trkpt lat="51.684272" lon="-2.372591"><ele>199.1</ele></trkpt>
<trkpt lat="51.684187" lon="-2.372461"><ele>198.6</ele></trkpt>
<trkpt lat="51.684081" lon="-2.372355"><ele>198.1</ele></trkpt>
<trkpt lat="51.683869" lon="-2.372312"><ele>196.3</ele></trkpt>
<trkpt lat="51.683498" lon="-2.372194"><ele>193.4</ele></trkpt>
<trkpt lat="51.683150" lon="-2.372020"><ele>191.0</ele></trkpt>
<trkpt lat="51.683110" lon="-2.372009"><ele>190.8</ele></trkpt>
<trkpt lat="51.682144" lon="-2.371356"><ele>185.9</ele></trkpt>
<trkpt lat="51.681646" lon="-2.371087"><ele>183.0</ele></trkpt>
<trkpt lat="51.681359" lon="-2.370966"><ele>181.9</ele></trkpt>
<trkpt lat="51.680973" lon="-2.370868"><ele>181.0</ele></trkpt>
<trkpt lat="51.680854" lon="-2.370912"><ele>180.5</ele></trkpt>
<trkpt lat="51.680783" lon="-2.370892"><ele>180.3</ele></trkpt>
<trkpt lat="51.680707" lon="-2.370920"><ele>180.3</ele></trkpt>
<trkpt lat="51.680461" lon="-2.370854"><ele>181.0</ele></trkpt>
<trkpt lat="51.680298" lon="-2.370925"><ele>180.8</ele></trkpt>
<trkpt lat="51.680240" lon="-2.370988"><ele>180.8</ele></trkpt>
<trkpt lat="51.679712" lon="-2.371168"><ele>182.1</ele></trkpt>
<trkpt lat="51.679091" lon="-2.371262"><ele>184.2</ele></trkpt>
<trkpt lat="51.679009" lon="-2.371211"><ele>184.5</ele></trkpt>
<trkpt lat="51.678846" lon="-2.371062"><ele>185.4</ele></trkpt>
<trkpt lat="51.678742" lon="-2.370832"><ele>186.4</ele></trkpt>
<trkpt lat="51.678641" lon="-2.370884"><ele>186.0</ele></trkpt>
<trkpt lat="51.678266" lon="-2.371799"><ele>173.9</ele></trkpt>
<trkpt lat="51.678121" lon="-2.371909"><ele>170.1</ele></trkpt>
<trkpt lat="51.677225" lon="-2.372586"><ele>148.9</ele></trkpt>
<trkpt lat="51.676182" lon="-2.373451"><ele>127.2</ele></trkpt>
<trkpt lat="51.676138" lon="-2.373531"><ele>126.5</ele></trkpt>
<trkpt lat="51.675988" lon="-2.373607"><ele>124.7</ele></trkpt>
<trkpt lat="51.675920" lon="-2.373712"><ele>123.7</ele></trkpt>
<trkpt lat="51.675841" lon="-2.373770"><ele>122.7</ele></trkpt>
<trkpt lat="51.675703" lon="-2.373860"><ele>121.8</ele></trkpt>
<trkpt lat="51.675393" lon="-2.373906"><ele>120.5</ele></trkpt>
<trkpt lat="51.674761" lon="-2.373853"><ele>119.2</ele></trkpt>
<trkpt lat="51.674162" lon="-2.373692"><ele>118.0</ele></trkpt>
<trkpt lat="51.673963" lon="-2.373617"><ele>117.2</ele></trkpt>
<trkpt lat="51.673716" lon="-2.373638"><ele>114.6</ele></trkpt>
<trkpt lat="51.673559" lon="-2.373643"><ele>112.6</ele></trkpt>
<trkpt lat="51.672696" lon="-2.373821"><ele>101.5</ele></trkpt>
<trkpt lat="51.672621" lon="-2.373815"><ele>100.7</ele></trkpt>
<trkpt lat="51.672594" lon="-2.373705"><ele>100.7</ele></trkpt>
<trkpt lat="51.672516" lon="-2.373289"><ele>100.2</ele></trkpt>
<trkpt lat="51.672481" lon="-2.373302"><ele>99.9</ele></trkpt>
<trkpt lat="51.672350" lon="-2.373355"><ele>98.6</ele></trkpt>
<trkpt lat="51.670594" lon="-2.373974"><ele>84.0</ele></trkpt>
<trkpt lat="51.670039" lon="-2.374144"><ele>79.0</ele></trkpt>
<trkpt lat="51.669950" lon="-2.374188"><ele>78.0</ele></trkpt>
<trkpt lat="51.669860" lon="-2.374212"><ele>76.7</ele></trkpt>
<trkpt lat="51.669585" lon="-2.374251"><ele>72.6</ele></trkpt>
<trkpt lat="51.669388" lon="-2.374205"><ele>69.6</ele></trkpt>
<trkpt lat="51.669374" lon="-2.374256"><ele>69.4</ele></trkpt>
<trkpt lat="51.669384" lon="-2.374335"><ele>69.0</ele></trkpt>
<trkpt lat="51.669375" lon="-2.374507"><ele>68.3</ele></trkpt>
<trkpt lat="51.669270" lon="-2.374810"><ele>66.2</ele></trkpt>
<trkpt lat="51.669214" lon="-2.375109"><ele>64.6</ele></trkpt>
<trkpt lat="51.669193" lon="-2.375129"><ele>64.4</ele></trkpt>
<trkpt lat="51.669206" lon="-2.375283"><ele>63.8</ele></trkpt>
<trkpt lat="51.669198" lon="-2.375437"><ele>63.2</ele></trkpt>
<trkpt lat="51.669173" lon="-2.375724"><ele>62.4</ele></trkpt>
<trkpt lat="51.669149" lon="-2.375829"><ele>62.1</ele></trkpt>
<trkpt lat="51.669138" lon="-2.375845"><ele>62.0</ele></trkpt>
<trkpt lat="51.669099" lon="-2.375899"><ele>61.7</ele></trkpt>
<trkpt lat="51.668863" lon="-2.376030"><ele>60.9</ele></trkpt>
<trkpt lat="51.668758" lon="-2.376101"><ele>61.1</ele></trkpt>
<trkpt lat="51.668705" lon="-2.376199"><ele>61.3</ele></trkpt>
<trkpt lat="51.668667" lon="-2.376304"><ele>61.3</ele></trkpt>
<trkpt lat="51.668591" lon="-2.376663"><ele>61.7</ele></trkpt>
<trkpt lat="51.668524" lon="-2.376727"><ele>62.3</ele></trkpt>
<trkpt lat="51.668342" lon="-2.376771"><ele>64.0</ele></trkpt>
<trkpt lat="51.667943" lon="-2.376864"><ele>68.5</ele></trkpt>
<trkpt lat="51.667530" lon="-2.376984"><ele>73.6</ele></trkpt>
<trkpt lat="51.667219" lon="-2.377179"><ele>76.2</ele></trkpt>
<trkpt lat="51.666896" lon="-2.377446"><ele>78.9</ele></trkpt>
<trkpt lat="51.666676" lon="-2.377756"><ele>81.9</ele></trkpt>
<trkpt lat="51.666177" lon="-2.378600"><ele>87.5</ele></trkpt>
<trkpt lat="51.665798" lon="-2.378618"><ele>90.3</ele></trkpt>
<trkpt lat="51.665233" lon="-2.378645"><ele>95.2</ele></trkpt>
<trkpt lat="51.664525" lon="-2.378931"><ele>100.2</ele></trkpt>
<trkpt lat="51.663428" lon="-2.379154"><ele>107.5</ele></trkpt>
<trkpt lat="51.663385" lon="-2.379159"><ele>107.7</ele></trkpt>
<trkpt lat="51.662724" lon="-2.379298"><ele>111.2</ele></trkpt>
<trkpt lat="51.662551" lon="-2.379349"><ele>112.1</ele></trkpt>
<trkpt lat="51.662515" lon="-2.379374"><ele>112.2</ele></trkpt>
<trkpt lat="51.662454" lon="-2.379417"><ele>112.5</ele></trkpt>
<trkpt lat="51.662398" lon="-2.379332"><ele>112.8</ele></trkpt>
<trkpt lat="51.662350" lon="-2.379300"><ele>113.0</ele></trkpt>
<trkpt lat="51.662192" lon="-2.379237"><ele>113.6</ele></trkpt>
<trkpt lat="51.662113" lon="-2.379229"><ele>113.9</ele></trkpt>
<trkpt lat="51.661992" lon="-2.379062"><ele>114.2</ele></trkpt>
<trkpt lat="51.661931" lon="-2.378987"><ele>114.3</ele></trkpt>
<trkpt lat="51.661820" lon="-2.378853"><ele>114.5</ele></trkpt>
<trkpt lat="51.661658" lon="-2.378713"><ele>114.9</ele></trkpt>
<trkpt lat="51.661585" lon="-2.378656"><ele>115.2</ele></trkpt>
<trkpt lat="51.661414" lon="-2.378536"><ele>115.9</ele></trkpt>
<trkpt lat="51.661297" lon="-2.378441"><ele>116.3</ele></trkpt>
<trkpt lat="51.661223" lon="-2.378367"><ele>116.5</ele></trkpt>
<trkpt lat="51.661161" lon="-2.378273"><ele>116.7</ele></trkpt>
<trkpt lat="51.661082" lon="-2.378132"><ele>116.8</ele></trkpt>
<trkpt lat="51.660916" lon="-2.377747"><ele>116.8</ele></trkpt>
<trkpt lat="51.660639" lon="-2.377075"><ele>116.6</ele></trkpt>
<trkpt lat="51.660583" lon="-2.376941"><ele>116.6</ele></trkpt>
<trkpt lat="51.660481" lon="-2.376774"><ele>117.2</ele></trkpt>
<trkpt lat="51.660412" lon="-2.376689"><ele>117.7</ele></trkpt>
<trkpt lat="51.660189" lon="-2.376642"><ele>119.5</ele></trkpt>
<trkpt lat="51.660052" lon="-2.376622"><ele>120.7</ele></trkpt>
<trkpt lat="51.659917" lon="-2.376628"><ele>121.6</ele></trkpt>
</trkseg></trk>
<trk><name>Cotswold Way Day 2 — North Nibley to Horton</name><desc>12.8 mi, +457 m / -427 m. Tyndale Monument, Wotton-under-Edge, Hawkesbury Upton.</desc><trkseg>
<trkpt lat="51.659663" lon="-2.376653"><ele>123.1</ele></trkpt>
<trkpt lat="51.659391" lon="-2.376694"><ele>124.4</ele></trkpt>
<trkpt lat="51.659357" lon="-2.376545"><ele>124.9</ele></trkpt>
<trkpt lat="51.659350" lon="-2.376517"><ele>125.0</ele></trkpt>
<trkpt lat="51.659312" lon="-2.376349"><ele>126.7</ele></trkpt>
<trkpt lat="51.659255" lon="-2.376030"><ele>130.5</ele></trkpt>
<trkpt lat="51.659254" lon="-2.375737"><ele>134.4</ele></trkpt>
<trkpt lat="51.659283" lon="-2.375431"><ele>138.0</ele></trkpt>
<trkpt lat="51.659374" lon="-2.374671"><ele>146.9</ele></trkpt>
<trkpt lat="51.659496" lon="-2.373440"><ele>164.8</ele></trkpt>
<trkpt lat="51.659597" lon="-2.372807"><ele>171.4</ele></trkpt>
<trkpt lat="51.660031" lon="-2.371822"><ele>180.0</ele></trkpt>
<trkpt lat="51.660172" lon="-2.371455"><ele>182.6</ele></trkpt>
<trkpt lat="51.660328" lon="-2.371011"><ele>185.4</ele></trkpt>
<trkpt lat="51.660280" lon="-2.370958"><ele>186.2</ele></trkpt>
<trkpt lat="51.660219" lon="-2.370870"><ele>187.2</ele></trkpt>
<trkpt lat="51.660136" lon="-2.370827"><ele>188.2</ele></trkpt>
<trkpt lat="51.660037" lon="-2.370847"><ele>189.4</ele></trkpt>
<trkpt lat="51.659977" lon="-2.370993"><ele>190.4</ele></trkpt>
<trkpt lat="51.659938" lon="-2.371122"><ele>190.8</ele></trkpt>
<trkpt lat="51.659845" lon="-2.371223"><ele>191.3</ele></trkpt>
<trkpt lat="51.659762" lon="-2.371221"><ele>191.9</ele></trkpt>
<trkpt lat="51.659737" lon="-2.371153"><ele>192.3</ele></trkpt>
<trkpt lat="51.659603" lon="-2.371128"><ele>193.5</ele></trkpt>
<trkpt lat="51.659448" lon="-2.371596"><ele>192.4</ele></trkpt>
<trkpt lat="51.659228" lon="-2.372121"><ele>189.2</ele></trkpt>
<trkpt lat="51.659029" lon="-2.372436"><ele>187.7</ele></trkpt>
<trkpt lat="51.658984" lon="-2.372426"><ele>187.5</ele></trkpt>
<trkpt lat="51.658929" lon="-2.372413"><ele>187.3</ele></trkpt>
<trkpt lat="51.658724" lon="-2.371470"><ele>191.8</ele></trkpt>
<trkpt lat="51.658710" lon="-2.371378"><ele>192.0</ele></trkpt>
<trkpt lat="51.658637" lon="-2.370905"><ele>192.9</ele></trkpt>
<trkpt lat="51.658444" lon="-2.370167"><ele>191.9</ele></trkpt>
<trkpt lat="51.657857" lon="-2.368997"><ele>191.8</ele></trkpt>
<trkpt lat="51.657486" lon="-2.368334"><ele>187.1</ele></trkpt>
<trkpt lat="51.656980" lon="-2.367713"><ele>183.4</ele></trkpt>
<trkpt lat="51.656796" lon="-2.367572"><ele>183.0</ele></trkpt>
<trkpt lat="51.656595" lon="-2.367344"><ele>183.8</ele></trkpt>
<trkpt lat="51.656408" lon="-2.367098"><ele>186.2</ele></trkpt>
<trkpt lat="51.656155" lon="-2.366884"><ele>190.0</ele></trkpt>
<trkpt lat="51.656048" lon="-2.366777"><ele>191.2</ele></trkpt>
<trkpt lat="51.656003" lon="-2.366703"><ele>191.7</ele></trkpt>
<trkpt lat="51.655847" lon="-2.366475"><ele>193.3</ele></trkpt>
<trkpt lat="51.655800" lon="-2.366417"><ele>193.7</ele></trkpt>
<trkpt lat="51.655562" lon="-2.366624"><ele>194.3</ele></trkpt>
<trkpt lat="51.655417" lon="-2.366743"><ele>194.8</ele></trkpt>
<trkpt lat="51.654532" lon="-2.366700"><ele>200.7</ele></trkpt>
<trkpt lat="51.653102" lon="-2.366985"><ele>199.0</ele></trkpt>
<trkpt lat="51.652998" lon="-2.366750"><ele>203.0</ele></trkpt>
<trkpt lat="51.652903" lon="-2.366138"><ele>209.2</ele></trkpt>
<trkpt lat="51.652848" lon="-2.366007"><ele>209.5</ele></trkpt>
<trkpt lat="51.652690" lon="-2.365728"><ele>210.0</ele></trkpt>
<trkpt lat="51.652397" lon="-2.365338"><ele>210.2</ele></trkpt>
<trkpt lat="51.652249" lon="-2.365067"><ele>209.6</ele></trkpt>
<trkpt lat="51.652234" lon="-2.364880"><ele>209.1</ele></trkpt>
<trkpt lat="51.652214" lon="-2.364601"><ele>207.9</ele></trkpt>
<trkpt lat="51.652207" lon="-2.364356"><ele>206.8</ele></trkpt>
<trkpt lat="51.652184" lon="-2.364220"><ele>206.3</ele></trkpt>
<trkpt lat="51.652290" lon="-2.363752"><ele>204.9</ele></trkpt>
<trkpt lat="51.652320" lon="-2.363459"><ele>204.5</ele></trkpt>
<trkpt lat="51.652348" lon="-2.363097"><ele>203.9</ele></trkpt>
<trkpt lat="51.652394" lon="-2.362513"><ele>202.0</ele></trkpt>
<trkpt lat="51.652334" lon="-2.361663"><ele>204.5</ele></trkpt>
<trkpt lat="51.652237" lon="-2.361172"><ele>203.0</ele></trkpt>
<trkpt lat="51.652027" lon="-2.360796"><ele>199.7</ele></trkpt>
<trkpt lat="51.651797" lon="-2.360384"><ele>197.1</ele></trkpt>
<trkpt lat="51.650888" lon="-2.359298"><ele>192.4</ele></trkpt>
<trkpt lat="51.650819" lon="-2.359209"><ele>192.0</ele></trkpt>
<trkpt lat="51.650650" lon="-2.359124"><ele>190.9</ele></trkpt>
<trkpt lat="51.650292" lon="-2.359023"><ele>188.2</ele></trkpt>
<trkpt lat="51.649763" lon="-2.358835"><ele>186.3</ele></trkpt>
<trkpt lat="51.649505" lon="-2.358618"><ele>187.3</ele></trkpt>
<trkpt lat="51.649380" lon="-2.358514"><ele>188.2</ele></trkpt>
<trkpt lat="51.649260" lon="-2.358415"><ele>189.3</ele></trkpt>
<trkpt lat="51.649064" lon="-2.358254"><ele>190.6</ele></trkpt>
<trkpt lat="51.648873" lon="-2.358098"><ele>191.0</ele></trkpt>
<trkpt lat="51.648424" lon="-2.357769"><ele>189.7</ele></trkpt>
<trkpt lat="51.648105" lon="-2.357682"><ele>188.5</ele></trkpt>
<trkpt lat="51.647795" lon="-2.357668"><ele>187.6</ele></trkpt>
<trkpt lat="51.647579" lon="-2.357659"><ele>187.2</ele></trkpt>
<trkpt lat="51.647434" lon="-2.357652"><ele>187.0</ele></trkpt>
<trkpt lat="51.647283" lon="-2.357646"><ele>187.1</ele></trkpt>
<trkpt lat="51.647042" lon="-2.357621"><ele>187.6</ele></trkpt>
<trkpt lat="51.646886" lon="-2.357594"><ele>188.1</ele></trkpt>
<trkpt lat="51.646666" lon="-2.357557"><ele>188.9</ele></trkpt>
<trkpt lat="51.646132" lon="-2.357388"><ele>190.4</ele></trkpt>
<trkpt lat="51.645801" lon="-2.357207"><ele>191.6</ele></trkpt>
<trkpt lat="51.645435" lon="-2.357005"><ele>192.8</ele></trkpt>
<trkpt lat="51.645274" lon="-2.357127"><ele>192.8</ele></trkpt>
<trkpt lat="51.644961" lon="-2.357304"><ele>192.5</ele></trkpt>
<trkpt lat="51.644775" lon="-2.357453"><ele>192.4</ele></trkpt>
<trkpt lat="51.644630" lon="-2.357587"><ele>192.4</ele></trkpt>
<trkpt lat="51.644371" lon="-2.357889"><ele>192.6</ele></trkpt>
<trkpt lat="51.644236" lon="-2.357999"><ele>192.5</ele></trkpt>
<trkpt lat="51.643881" lon="-2.358272"><ele>191.9</ele></trkpt>
<trkpt lat="51.643485" lon="-2.358550"><ele>188.4</ele></trkpt>
<trkpt lat="51.643119" lon="-2.358839"><ele>184.5</ele></trkpt>
<trkpt lat="51.642859" lon="-2.359017"><ele>182.2</ele></trkpt>
<trkpt lat="51.642739" lon="-2.359135"><ele>181.3</ele></trkpt>
<trkpt lat="51.642618" lon="-2.359204"><ele>180.4</ele></trkpt>
<trkpt lat="51.642600" lon="-2.359228"><ele>180.4</ele></trkpt>
<trkpt lat="51.642579" lon="-2.359259"><ele>180.3</ele></trkpt>
<trkpt lat="51.642558" lon="-2.359265"><ele>180.2</ele></trkpt>
<trkpt lat="51.642450" lon="-2.359216"><ele>179.8</ele></trkpt>
<trkpt lat="51.642336" lon="-2.359232"><ele>179.4</ele></trkpt>
<trkpt lat="51.642226" lon="-2.359154"><ele>178.8</ele></trkpt>
<trkpt lat="51.642120" lon="-2.359003"><ele>177.9</ele></trkpt>
<trkpt lat="51.641948" lon="-2.358800"><ele>175.9</ele></trkpt>
<trkpt lat="51.641902" lon="-2.358753"><ele>175.1</ele></trkpt>
<trkpt lat="51.641823" lon="-2.358700"><ele>173.6</ele></trkpt>
<trkpt lat="51.641719" lon="-2.358667"><ele>171.7</ele></trkpt>
<trkpt lat="51.641506" lon="-2.358670"><ele>167.1</ele></trkpt>
<trkpt lat="51.641236" lon="-2.358719"><ele>160.4</ele></trkpt>
<trkpt lat="51.641106" lon="-2.358740"><ele>157.0</ele></trkpt>
<trkpt lat="51.641020" lon="-2.358738"><ele>154.7</ele></trkpt>
<trkpt lat="51.640983" lon="-2.358758"><ele>153.7</ele></trkpt>
<trkpt lat="51.640948" lon="-2.358754"><ele>152.7</ele></trkpt>
<trkpt lat="51.640931" lon="-2.358757"><ele>152.3</ele></trkpt>
<trkpt lat="51.640922" lon="-2.358759"><ele>152.1</ele></trkpt>
<trkpt lat="51.640839" lon="-2.358810"><ele>150.0</ele></trkpt>
<trkpt lat="51.640783" lon="-2.358886"><ele>148.7</ele></trkpt>
<trkpt lat="51.640744" lon="-2.358960"><ele>147.7</ele></trkpt>
<trkpt lat="51.640694" lon="-2.359106"><ele>145.9</ele></trkpt>
<trkpt lat="51.640661" lon="-2.359291"><ele>145.2</ele></trkpt>
<trkpt lat="51.640617" lon="-2.359619"><ele>143.6</ele></trkpt>
<trkpt lat="51.640590" lon="-2.359795"><ele>142.3</ele></trkpt>
<trkpt lat="51.640557" lon="-2.359967"><ele>140.9</ele></trkpt>
<trkpt lat="51.640491" lon="-2.360234"><ele>136.8</ele></trkpt>
<trkpt lat="51.640468" lon="-2.360338"><ele>135.2</ele></trkpt>
<trkpt lat="51.640450" lon="-2.360444"><ele>133.8</ele></trkpt>
<trkpt lat="51.640444" lon="-2.360530"><ele>132.8</ele></trkpt>
<trkpt lat="51.640416" lon="-2.360603"><ele>131.7</ele></trkpt>
<trkpt lat="51.640395" lon="-2.360642"><ele>131.1</ele></trkpt>
<trkpt lat="51.640365" lon="-2.360662"><ele>130.4</ele></trkpt>
<trkpt lat="51.640334" lon="-2.360638"><ele>129.7</ele></trkpt>
<trkpt lat="51.640292" lon="-2.360491"><ele>129.5</ele></trkpt>
<trkpt lat="51.640225" lon="-2.360354"><ele>129.5</ele></trkpt>
<trkpt lat="51.640203" lon="-2.360357"><ele>129.5</ele></trkpt>
<trkpt lat="51.640144" lon="-2.360152"><ele>129.2</ele></trkpt>
<trkpt lat="51.640127" lon="-2.360106"><ele>129.1</ele></trkpt>
<trkpt lat="51.640114" lon="-2.360076"><ele>129.0</ele></trkpt>
<trkpt lat="51.640096" lon="-2.360038"><ele>128.9</ele></trkpt>
<trkpt lat="51.640063" lon="-2.359970"><ele>128.7</ele></trkpt>
<trkpt lat="51.640008" lon="-2.359841"><ele>128.1</ele></trkpt>
<trkpt lat="51.639957" lon="-2.359695"><ele>127.2</ele></trkpt>
<trkpt lat="51.639926" lon="-2.359581"><ele>126.5</ele></trkpt>
<trkpt lat="51.639906" lon="-2.359506"><ele>126.1</ele></trkpt>
<trkpt lat="51.639867" lon="-2.359318"><ele>125.1</ele></trkpt>
<trkpt lat="51.639837" lon="-2.359145"><ele>124.1</ele></trkpt>
<trkpt lat="51.639803" lon="-2.359122"><ele>123.7</ele></trkpt>
<trkpt lat="51.639722" lon="-2.359067"><ele>122.0</ele></trkpt>
<trkpt lat="51.639625" lon="-2.359002"><ele>120.1</ele></trkpt>
<trkpt lat="51.639543" lon="-2.358937"><ele>118.6</ele></trkpt>
<trkpt lat="51.639516" lon="-2.358916"><ele>118.1</ele></trkpt>
<trkpt lat="51.639409" lon="-2.358815"><ele>116.2</ele></trkpt>
<trkpt lat="51.639282" lon="-2.358685"><ele>114.2</ele></trkpt>
<trkpt lat="51.639241" lon="-2.358585"><ele>113.5</ele></trkpt>
<trkpt lat="51.639151" lon="-2.358221"><ele>111.3</ele></trkpt>
<trkpt lat="51.639078" lon="-2.357890"><ele>109.7</ele></trkpt>
<trkpt lat="51.638977" lon="-2.357314"><ele>107.3</ele></trkpt>
<trkpt lat="51.638956" lon="-2.357187"><ele>106.9</ele></trkpt>
<trkpt lat="51.638893" lon="-2.356808"><ele>105.5</ele></trkpt>
<trkpt lat="51.638823" lon="-2.356453"><ele>104.4</ele></trkpt>
<trkpt lat="51.638784" lon="-2.356248"><ele>103.8</ele></trkpt>
<trkpt lat="51.638767" lon="-2.356173"><ele>103.6</ele></trkpt>
<trkpt lat="51.638604" lon="-2.355503"><ele>101.7</ele></trkpt>
<trkpt lat="51.638555" lon="-2.355371"><ele>101.2</ele></trkpt>
<trkpt lat="51.638440" lon="-2.355062"><ele>100.1</ele></trkpt>
<trkpt lat="51.638421" lon="-2.355013"><ele>99.9</ele></trkpt>
<trkpt lat="51.638389" lon="-2.354926"><ele>99.5</ele></trkpt>
<trkpt lat="51.638288" lon="-2.354658"><ele>98.6</ele></trkpt>
<trkpt lat="51.638256" lon="-2.354691"><ele>98.4</ele></trkpt>
<trkpt lat="51.638239" lon="-2.354638"><ele>98.2</ele></trkpt>
<trkpt lat="51.638113" lon="-2.354245"><ele>96.8</ele></trkpt>
<trkpt lat="51.638014" lon="-2.353854"><ele>95.4</ele></trkpt>
<trkpt lat="51.637991" lon="-2.353756"><ele>95.1</ele></trkpt>
<trkpt lat="51.637920" lon="-2.353458"><ele>94.0</ele></trkpt>
<trkpt lat="51.637877" lon="-2.353226"><ele>93.2</ele></trkpt>
<trkpt lat="51.637847" lon="-2.353065"><ele>92.6</ele></trkpt>
<trkpt lat="51.637812" lon="-2.352805"><ele>91.8</ele></trkpt>
<trkpt lat="51.637791" lon="-2.352566"><ele>90.9</ele></trkpt>
<trkpt lat="51.637770" lon="-2.352299"><ele>90.0</ele></trkpt>
<trkpt lat="51.637762" lon="-2.352208"><ele>89.7</ele></trkpt>
<trkpt lat="51.637719" lon="-2.351760"><ele>88.1</ele></trkpt>
<trkpt lat="51.637706" lon="-2.351635"><ele>87.6</ele></trkpt>
<trkpt lat="51.637675" lon="-2.351393"><ele>86.7</ele></trkpt>
<trkpt lat="51.637656" lon="-2.351243"><ele>86.1</ele></trkpt>
<trkpt lat="51.637631" lon="-2.351042"><ele>85.2</ele></trkpt>
<trkpt lat="51.637625" lon="-2.350985"><ele>85.0</ele></trkpt>
<trkpt lat="51.637589" lon="-2.350622"><ele>83.4</ele></trkpt>
<trkpt lat="51.637575" lon="-2.350403"><ele>82.5</ele></trkpt>
<trkpt lat="51.637578" lon="-2.350352"><ele>82.3</ele></trkpt>
<trkpt lat="51.637607" lon="-2.350306"><ele>82.0</ele></trkpt>
<trkpt lat="51.637699" lon="-2.350242"><ele>81.8</ele></trkpt>
<trkpt lat="51.637843" lon="-2.350172"><ele>81.6</ele></trkpt>
<trkpt lat="51.637898" lon="-2.350145"><ele>81.5</ele></trkpt>
<trkpt lat="51.637970" lon="-2.350117"><ele>81.4</ele></trkpt>
<trkpt lat="51.638108" lon="-2.350050"><ele>81.3</ele></trkpt>
<trkpt lat="51.638200" lon="-2.349984"><ele>81.1</ele></trkpt>
<trkpt lat="51.638258" lon="-2.349930"><ele>80.9</ele></trkpt>
<trkpt lat="51.638340" lon="-2.349842"><ele>80.7</ele></trkpt>
<trkpt lat="51.638498" lon="-2.349672"><ele>80.2</ele></trkpt>
<trkpt lat="51.638443" lon="-2.349425"><ele>79.6</ele></trkpt>
<trkpt lat="51.638330" lon="-2.349159"><ele>78.5</ele></trkpt>
<trkpt lat="51.638251" lon="-2.348881"><ele>77.1</ele></trkpt>
<trkpt lat="51.638239" lon="-2.348672"><ele>76.2</ele></trkpt>
<trkpt lat="51.638249" lon="-2.348551"><ele>75.9</ele></trkpt>
<trkpt lat="51.638264" lon="-2.348496"><ele>75.7</ele></trkpt>
<trkpt lat="51.638318" lon="-2.348303"><ele>75.1</ele></trkpt>
<trkpt lat="51.638392" lon="-2.348073"><ele>75.0</ele></trkpt>
<trkpt lat="51.638483" lon="-2.347868"><ele>75.2</ele></trkpt>
<trkpt lat="51.638574" lon="-2.347745"><ele>75.5</ele></trkpt>
<trkpt lat="51.638740" lon="-2.347855"><ele>76.5</ele></trkpt>
<trkpt lat="51.638791" lon="-2.347943"><ele>77.0</ele></trkpt>
<trkpt lat="51.638833" lon="-2.348024"><ele>77.5</ele></trkpt>
<trkpt lat="51.638850" lon="-2.348057"><ele>77.7</ele></trkpt>
<trkpt lat="51.638873" lon="-2.348102"><ele>78.0</ele></trkpt>
<trkpt lat="51.638950" lon="-2.348250"><ele>78.7</ele></trkpt>
<trkpt lat="51.639004" lon="-2.348358"><ele>79.2</ele></trkpt>
<trkpt lat="51.639122" lon="-2.348597"><ele>79.9</ele></trkpt>
<trkpt lat="51.639235" lon="-2.348806"><ele>80.3</ele></trkpt>
<trkpt lat="51.639270" lon="-2.348748"><ele>80.3</ele></trkpt>
<trkpt lat="51.639407" lon="-2.348557"><ele>80.2</ele></trkpt>
<trkpt lat="51.639523" lon="-2.348393"><ele>79.9</ele></trkpt>
<trkpt lat="51.639602" lon="-2.348281"><ele>79.8</ele></trkpt>
<trkpt lat="51.639716" lon="-2.348110"><ele>79.4</ele></trkpt>
<trkpt lat="51.639775" lon="-2.348010"><ele>79.3</ele></trkpt>
<trkpt lat="51.639828" lon="-2.347910"><ele>79.1</ele></trkpt>
<trkpt lat="51.639905" lon="-2.347747"><ele>78.8</ele></trkpt>
<trkpt lat="51.639867" lon="-2.347631"><ele>78.6</ele></trkpt>
<trkpt lat="51.639843" lon="-2.347549"><ele>78.4</ele></trkpt>
<trkpt lat="51.639830" lon="-2.347481"><ele>78.2</ele></trkpt>
<trkpt lat="51.639834" lon="-2.347406"><ele>78.0</ele></trkpt>
<trkpt lat="51.639847" lon="-2.347329"><ele>77.8</ele></trkpt>
<trkpt lat="51.639991" lon="-2.346788"><ele>77.2</ele></trkpt>
<trkpt lat="51.640048" lon="-2.346588"><ele>77.2</ele></trkpt>
<trkpt lat="51.640178" lon="-2.346167"><ele>76.7</ele></trkpt>
<trkpt lat="51.640332" lon="-2.345747"><ele>75.4</ele></trkpt>
<trkpt lat="51.640383" lon="-2.345622"><ele>75.0</ele></trkpt>
<trkpt lat="51.640450" lon="-2.345503"><ele>74.8</ele></trkpt>
<trkpt lat="51.640496" lon="-2.345427"><ele>74.7</ele></trkpt>
<trkpt lat="51.640565" lon="-2.345334"><ele>74.6</ele></trkpt>
<trkpt lat="51.640686" lon="-2.345206"><ele>74.8</ele></trkpt>
<trkpt lat="51.640731" lon="-2.345092"><ele>74.9</ele></trkpt>
<trkpt lat="51.640820" lon="-2.344949"><ele>74.7</ele></trkpt>
<trkpt lat="51.640831" lon="-2.344899"><ele>74.7</ele></trkpt>
<trkpt lat="51.640831" lon="-2.344838"><ele>74.6</ele></trkpt>
<trkpt lat="51.640849" lon="-2.344786"><ele>74.6</ele></trkpt>
<trkpt lat="51.640870" lon="-2.344742"><ele>74.5</ele></trkpt>
<trkpt lat="51.640880" lon="-2.344690"><ele>74.4</ele></trkpt>
<trkpt lat="51.640872" lon="-2.344630"><ele>74.5</ele></trkpt>
<trkpt lat="51.640854" lon="-2.344578"><ele>74.6</ele></trkpt>
<trkpt lat="51.640891" lon="-2.344514"><ele>74.8</ele></trkpt>
<trkpt lat="51.640938" lon="-2.344446"><ele>74.9</ele></trkpt>
<trkpt lat="51.641019" lon="-2.344321"><ele>75.2</ele></trkpt>
<trkpt lat="51.641172" lon="-2.343990"><ele>75.3</ele></trkpt>
<trkpt lat="51.641392" lon="-2.343575"><ele>75.4</ele></trkpt>
<trkpt lat="51.641494" lon="-2.343305"><ele>75.6</ele></trkpt>
<trkpt lat="51.641563" lon="-2.343072"><ele>75.8</ele></trkpt>
<trkpt lat="51.641586" lon="-2.342986"><ele>75.9</ele></trkpt>
<trkpt lat="51.641692" lon="-2.342802"><ele>76.1</ele></trkpt>
<trkpt lat="51.641846" lon="-2.342488"><ele>76.3</ele></trkpt>
<trkpt lat="51.641912" lon="-2.342323"><ele>76.4</ele></trkpt>
<trkpt lat="51.641973" lon="-2.342236"><ele>76.4</ele></trkpt>
<trkpt lat="51.641924" lon="-2.342115"><ele>76.5</ele></trkpt>
<trkpt lat="51.641906" lon="-2.342070"><ele>76.6</ele></trkpt>
<trkpt lat="51.641869" lon="-2.342015"><ele>76.6</ele></trkpt>
<trkpt lat="51.641890" lon="-2.341944"><ele>76.7</ele></trkpt>
<trkpt lat="51.641915" lon="-2.341889"><ele>76.8</ele></trkpt>
<trkpt lat="51.641945" lon="-2.341859"><ele>76.8</ele></trkpt>
<trkpt lat="51.641963" lon="-2.341830"><ele>76.9</ele></trkpt>
<trkpt lat="51.641989" lon="-2.341738"><ele>77.0</ele></trkpt>
<trkpt lat="51.642012" lon="-2.341495"><ele>77.2</ele></trkpt>
<trkpt lat="51.642023" lon="-2.341379"><ele>77.3</ele></trkpt>
<trkpt lat="51.642015" lon="-2.341203"><ele>77.5</ele></trkpt>
<trkpt lat="51.642013" lon="-2.341092"><ele>77.6</ele></trkpt>
<trkpt lat="51.642005" lon="-2.340642"><ele>77.9</ele></trkpt>
<trkpt lat="51.642140" lon="-2.339626"><ele>78.0</ele></trkpt>
<trkpt lat="51.642164" lon="-2.339520"><ele>78.1</ele></trkpt>
<trkpt lat="51.642286" lon="-2.339215"><ele>78.4</ele></trkpt>
<trkpt lat="51.642362" lon="-2.338988"><ele>78.6</ele></trkpt>
<trkpt lat="51.642502" lon="-2.338526"><ele>79.6</ele></trkpt>
<trkpt lat="51.642539" lon="-2.338408"><ele>79.9</ele></trkpt>
<trkpt lat="51.642620" lon="-2.338062"><ele>80.6</ele></trkpt>
<trkpt lat="51.642666" lon="-2.337847"><ele>81.1</ele></trkpt>
<trkpt lat="51.642703" lon="-2.337669"><ele>81.5</ele></trkpt>
<trkpt lat="51.642782" lon="-2.337573"><ele>81.8</ele></trkpt>
<trkpt lat="51.642857" lon="-2.337552"><ele>82.0</ele></trkpt>
<trkpt lat="51.642646" lon="-2.337373"><ele>82.1</ele></trkpt>
<trkpt lat="51.642508" lon="-2.337257"><ele>82.4</ele></trkpt>
<trkpt lat="51.642356" lon="-2.337157"><ele>83.1</ele></trkpt>
<trkpt lat="51.642183" lon="-2.337109"><ele>84.6</ele></trkpt>
<trkpt lat="51.642008" lon="-2.337059"><ele>86.6</ele></trkpt>
<trkpt lat="51.641904" lon="-2.337067"><ele>87.8</ele></trkpt>
<trkpt lat="51.641788" lon="-2.337094"><ele>89.0</ele></trkpt>
<trkpt lat="51.641714" lon="-2.337137"><ele>89.8</ele></trkpt>
<trkpt lat="51.641613" lon="-2.336912"><ele>92.1</ele></trkpt>
<trkpt lat="51.641303" lon="-2.336676"><ele>99.8</ele></trkpt>
<trkpt lat="51.641135" lon="-2.336517"><ele>105.5</ele></trkpt>
<trkpt lat="51.641014" lon="-2.336395"><ele>110.1</ele></trkpt>
<trkpt lat="51.640882" lon="-2.336310"><ele>114.4</ele></trkpt>
<trkpt lat="51.640829" lon="-2.336279"><ele>116.0</ele></trkpt>
<trkpt lat="51.640723" lon="-2.336300"><ele>119.1</ele></trkpt>
<trkpt lat="51.640753" lon="-2.335947"><ele>124.4</ele></trkpt>
<trkpt lat="51.640609" lon="-2.335407"><ele>136.3</ele></trkpt>
<trkpt lat="51.640489" lon="-2.335161"><ele>143.0</ele></trkpt>
<trkpt lat="51.640421" lon="-2.335211"><ele>145.4</ele></trkpt>
<trkpt lat="51.640392" lon="-2.334551"><ele>154.4</ele></trkpt>
<trkpt lat="51.640372" lon="-2.333677"><ele>163.5</ele></trkpt>
<trkpt lat="51.640309" lon="-2.333194"><ele>169.0</ele></trkpt>
<trkpt lat="51.640156" lon="-2.332604"><ele>175.2</ele></trkpt>
<trkpt lat="51.639976" lon="-2.331810"><ele>181.9</ele></trkpt>
<trkpt lat="51.639842" lon="-2.331410"><ele>185.1</ele></trkpt>
<trkpt lat="51.639726" lon="-2.331064"><ele>187.3</ele></trkpt>
<trkpt lat="51.639547" lon="-2.330399"><ele>190.9</ele></trkpt>
<trkpt lat="51.639443" lon="-2.329417"><ele>194.5</ele></trkpt>
<trkpt lat="51.639310" lon="-2.328430"><ele>197.9</ele></trkpt>
<trkpt lat="51.639247" lon="-2.327427"><ele>200.2</ele></trkpt>
<trkpt lat="51.639170" lon="-2.326295"><ele>203.8</ele></trkpt>
<trkpt lat="51.639157" lon="-2.325528"><ele>206.5</ele></trkpt>
<trkpt lat="51.639109" lon="-2.324900"><ele>209.4</ele></trkpt>
<trkpt lat="51.639057" lon="-2.324305"><ele>212.6</ele></trkpt>
<trkpt lat="51.638990" lon="-2.323817"><ele>215.5</ele></trkpt>
<trkpt lat="51.638964" lon="-2.323495"><ele>217.3</ele></trkpt>
<trkpt lat="51.638964" lon="-2.323141"><ele>218.3</ele></trkpt>
<trkpt lat="51.638994" lon="-2.322779"><ele>219.4</ele></trkpt>
<trkpt lat="51.638935" lon="-2.322669"><ele>219.8</ele></trkpt>
<trkpt lat="51.638875" lon="-2.322642"><ele>220.1</ele></trkpt>
<trkpt lat="51.638860" lon="-2.322653"><ele>220.1</ele></trkpt>
<trkpt lat="51.638828" lon="-2.322701"><ele>220.2</ele></trkpt>
<trkpt lat="51.638797" lon="-2.322783"><ele>220.3</ele></trkpt>
<trkpt lat="51.638744" lon="-2.323059"><ele>220.4</ele></trkpt>
<trkpt lat="51.638723" lon="-2.323192"><ele>220.1</ele></trkpt>
<trkpt lat="51.638714" lon="-2.323310"><ele>219.8</ele></trkpt>
<trkpt lat="51.638709" lon="-2.323475"><ele>219.5</ele></trkpt>
<trkpt lat="51.638604" lon="-2.324101"><ele>217.8</ele></trkpt>
<trkpt lat="51.638375" lon="-2.325357"><ele>216.4</ele></trkpt>
<trkpt lat="51.638291" lon="-2.326039"><ele>216.0</ele></trkpt>
<trkpt lat="51.638231" lon="-2.326869"><ele>214.9</ele></trkpt>
<trkpt lat="51.638188" lon="-2.327567"><ele>213.9</ele></trkpt>
<trkpt lat="51.638136" lon="-2.328175"><ele>213.4</ele></trkpt>
<trkpt lat="51.638075" lon="-2.328551"><ele>213.1</ele></trkpt>
<trkpt lat="51.637995" lon="-2.328926"><ele>212.8</ele></trkpt>
<trkpt lat="51.637836" lon="-2.329410"><ele>212.8</ele></trkpt>
<trkpt lat="51.637676" lon="-2.329804"><ele>212.6</ele></trkpt>
<trkpt lat="51.637154" lon="-2.330898"><ele>210.1</ele></trkpt>
<trkpt lat="51.636833" lon="-2.331399"><ele>209.4</ele></trkpt>
<trkpt lat="51.636719" lon="-2.331562"><ele>208.7</ele></trkpt>
<trkpt lat="51.636567" lon="-2.331780"><ele>207.5</ele></trkpt>
<trkpt lat="51.636442" lon="-2.331837"><ele>206.6</ele></trkpt>
<trkpt lat="51.636304" lon="-2.331849"><ele>205.4</ele></trkpt>
<trkpt lat="51.636136" lon="-2.331997"><ele>203.6</ele></trkpt>
<trkpt lat="51.635903" lon="-2.332155"><ele>201.3</ele></trkpt>
<trkpt lat="51.635893" lon="-2.331478"><ele>204.6</ele></trkpt>
<trkpt lat="51.635849" lon="-2.330763"><ele>206.9</ele></trkpt>
<trkpt lat="51.635778" lon="-2.330383"><ele>207.5</ele></trkpt>
<trkpt lat="51.635671" lon="-2.330061"><ele>207.5</ele></trkpt>
<trkpt lat="51.635495" lon="-2.329676"><ele>206.8</ele></trkpt>
<trkpt lat="51.635185" lon="-2.329122"><ele>206.1</ele></trkpt>
<trkpt lat="51.634769" lon="-2.328559"><ele>207.0</ele></trkpt>
<trkpt lat="51.634482" lon="-2.328344"><ele>206.1</ele></trkpt>
<trkpt lat="51.634073" lon="-2.328044"><ele>204.9</ele></trkpt>
<trkpt lat="51.633857" lon="-2.327977"><ele>204.7</ele></trkpt>
<trkpt lat="51.633494" lon="-2.327888"><ele>205.4</ele></trkpt>
<trkpt lat="51.633359" lon="-2.327401"><ele>208.9</ele></trkpt>
<trkpt lat="51.633277" lon="-2.327399"><ele>209.1</ele></trkpt>
<trkpt lat="51.632924" lon="-2.327454"><ele>209.7</ele></trkpt>
<trkpt lat="51.632485" lon="-2.327604"><ele>210.1</ele></trkpt>
<trkpt lat="51.631972" lon="-2.327727"><ele>210.2</ele></trkpt>
<trkpt lat="51.631689" lon="-2.327839"><ele>209.5</ele></trkpt>
<trkpt lat="51.631159" lon="-2.328166"><ele>204.7</ele></trkpt>
<trkpt lat="51.630500" lon="-2.328473"><ele>197.7</ele></trkpt>
<trkpt lat="51.630034" lon="-2.328779"><ele>194.9</ele></trkpt>
<trkpt lat="51.629666" lon="-2.329120"><ele>192.6</ele></trkpt>
<trkpt lat="51.629385" lon="-2.329428"><ele>190.5</ele></trkpt>
<trkpt lat="51.629225" lon="-2.329530"><ele>189.7</ele></trkpt>
<trkpt lat="51.628915" lon="-2.329659"><ele>188.0</ele></trkpt>
<trkpt lat="51.628623" lon="-2.329896"><ele>184.8</ele></trkpt>
<trkpt lat="51.628096" lon="-2.330442"><ele>176.8</ele></trkpt>
<trkpt lat="51.627853" lon="-2.330742"><ele>173.4</ele></trkpt>
<trkpt lat="51.627786" lon="-2.330846"><ele>172.4</ele></trkpt>
<trkpt lat="51.627616" lon="-2.331633"><ele>164.2</ele></trkpt>
<trkpt lat="51.627466" lon="-2.331909"><ele>159.5</ele></trkpt>
<trkpt lat="51.627343" lon="-2.332207"><ele>155.1</ele></trkpt>
<trkpt lat="51.627164" lon="-2.332459"><ele>152.1</ele></trkpt>
<trkpt lat="51.626728" lon="-2.332867"><ele>152.0</ele></trkpt>
<trkpt lat="51.626432" lon="-2.333345"><ele>148.0</ele></trkpt>
<trkpt lat="51.626142" lon="-2.333814"><ele>141.2</ele></trkpt>
<trkpt lat="51.625824" lon="-2.334233"><ele>135.2</ele></trkpt>
<trkpt lat="51.625605" lon="-2.334350"><ele>133.0</ele></trkpt>
<trkpt lat="51.625261" lon="-2.334599"><ele>130.0</ele></trkpt>
<trkpt lat="51.625015" lon="-2.334790"><ele>127.3</ele></trkpt>
<trkpt lat="51.624727" lon="-2.334978"><ele>123.1</ele></trkpt>
<trkpt lat="51.624571" lon="-2.335048"><ele>119.9</ele></trkpt>
<trkpt lat="51.624321" lon="-2.335151"><ele>114.3</ele></trkpt>
<trkpt lat="51.624115" lon="-2.335298"><ele>108.8</ele></trkpt>
<trkpt lat="51.624024" lon="-2.335455"><ele>105.4</ele></trkpt>
<trkpt lat="51.623950" lon="-2.335763"><ele>100.5</ele></trkpt>
<trkpt lat="51.623943" lon="-2.336159"><ele>95.3</ele></trkpt>
<trkpt lat="51.623938" lon="-2.336712"><ele>89.4</ele></trkpt>
<trkpt lat="51.623859" lon="-2.337061"><ele>86.0</ele></trkpt>
<trkpt lat="51.623785" lon="-2.337272"><ele>84.1</ele></trkpt>
<trkpt lat="51.623708" lon="-2.337382"><ele>82.9</ele></trkpt>
<trkpt lat="51.623638" lon="-2.337449"><ele>82.1</ele></trkpt>
<trkpt lat="51.623470" lon="-2.337458"><ele>81.0</ele></trkpt>
<trkpt lat="51.623131" lon="-2.337482"><ele>79.1</ele></trkpt>
<trkpt lat="51.622764" lon="-2.337539"><ele>77.4</ele></trkpt>
<trkpt lat="51.622717" lon="-2.337542"><ele>77.2</ele></trkpt>
<trkpt lat="51.622661" lon="-2.337541"><ele>77.1</ele></trkpt>
<trkpt lat="51.622606" lon="-2.337512"><ele>76.9</ele></trkpt>
<trkpt lat="51.622561" lon="-2.337486"><ele>76.7</ele></trkpt>
<trkpt lat="51.622301" lon="-2.336812"><ele>76.0</ele></trkpt>
<trkpt lat="51.621266" lon="-2.334023"><ele>66.6</ele></trkpt>
<trkpt lat="51.620916" lon="-2.332933"><ele>61.6</ele></trkpt>
<trkpt lat="51.620782" lon="-2.332527"><ele>61.1</ele></trkpt>
<trkpt lat="51.620567" lon="-2.331948"><ele>61.5</ele></trkpt>
<trkpt lat="51.620559" lon="-2.331926"><ele>61.5</ele></trkpt>
<trkpt lat="51.620560" lon="-2.331850"><ele>61.7</ele></trkpt>
<trkpt lat="51.620564" lon="-2.331767"><ele>61.8</ele></trkpt>
<trkpt lat="51.620608" lon="-2.331369"><ele>62.9</ele></trkpt>
<trkpt lat="51.620593" lon="-2.331244"><ele>63.2</ele></trkpt>
<trkpt lat="51.620560" lon="-2.331078"><ele>63.7</ele></trkpt>
<trkpt lat="51.620427" lon="-2.330970"><ele>64.3</ele></trkpt>
<trkpt lat="51.620278" lon="-2.330930"><ele>64.9</ele></trkpt>
<trkpt lat="51.620143" lon="-2.330978"><ele>65.2</ele></trkpt>
<trkpt lat="51.619847" lon="-2.331161"><ele>65.9</ele></trkpt>
<trkpt lat="51.619184" lon="-2.331579"><ele>69.1</ele></trkpt>
<trkpt lat="51.618171" lon="-2.332352"><ele>76.7</ele></trkpt>
<trkpt lat="51.617405" lon="-2.332813"><ele>88.5</ele></trkpt>
<trkpt lat="51.617112" lon="-2.332887"><ele>92.9</ele></trkpt>
<trkpt lat="51.617041" lon="-2.332962"><ele>94.1</ele></trkpt>
<trkpt lat="51.616862" lon="-2.333124"><ele>96.3</ele></trkpt>
<trkpt lat="51.616466" lon="-2.333644"><ele>100.0</ele></trkpt>
<trkpt lat="51.616251" lon="-2.333968"><ele>101.0</ele></trkpt>
<trkpt lat="51.616135" lon="-2.334202"><ele>101.3</ele></trkpt>
<trkpt lat="51.616086" lon="-2.334338"><ele>101.0</ele></trkpt>
<trkpt lat="51.616072" lon="-2.334454"><ele>100.8</ele></trkpt>
<trkpt lat="51.616050" lon="-2.334560"><ele>100.7</ele></trkpt>
<trkpt lat="51.615952" lon="-2.334693"><ele>100.8</ele></trkpt>
<trkpt lat="51.615823" lon="-2.334793"><ele>100.8</ele></trkpt>
<trkpt lat="51.615646" lon="-2.334831"><ele>101.0</ele></trkpt>
<trkpt lat="51.615592" lon="-2.334798"><ele>101.1</ele></trkpt>
<trkpt lat="51.615517" lon="-2.334787"><ele>101.2</ele></trkpt>
<trkpt lat="51.615502" lon="-2.334742"><ele>101.3</ele></trkpt>
<trkpt lat="51.615466" lon="-2.334665"><ele>101.5</ele></trkpt>
<trkpt lat="51.615408" lon="-2.334586"><ele>101.6</ele></trkpt>
<trkpt lat="51.615283" lon="-2.334413"><ele>101.8</ele></trkpt>
<trkpt lat="51.615200" lon="-2.334276"><ele>101.8</ele></trkpt>
<trkpt lat="51.615117" lon="-2.334101"><ele>101.7</ele></trkpt>
<trkpt lat="51.615101" lon="-2.334058"><ele>101.7</ele></trkpt>
<trkpt lat="51.615052" lon="-2.333925"><ele>101.7</ele></trkpt>
<trkpt lat="51.614916" lon="-2.333606"><ele>101.3</ele></trkpt>
<trkpt lat="51.614803" lon="-2.333302"><ele>100.8</ele></trkpt>
<trkpt lat="51.614734" lon="-2.333134"><ele>100.4</ele></trkpt>
<trkpt lat="51.614414" lon="-2.332276"><ele>97.7</ele></trkpt>
<trkpt lat="51.614291" lon="-2.331902"><ele>96.6</ele></trkpt>
<trkpt lat="51.614230" lon="-2.331718"><ele>96.2</ele></trkpt>
<trkpt lat="51.614086" lon="-2.331409"><ele>95.6</ele></trkpt>
<trkpt lat="51.613904" lon="-2.331091"><ele>95.3</ele></trkpt>
<trkpt lat="51.613658" lon="-2.330796"><ele>93.9</ele></trkpt>
<trkpt lat="51.613413" lon="-2.330629"><ele>91.4</ele></trkpt>
<trkpt lat="51.613171" lon="-2.330314"><ele>89.7</ele></trkpt>
<trkpt lat="51.612798" lon="-2.329558"><ele>90.2</ele></trkpt>
<trkpt lat="51.612663" lon="-2.329153"><ele>91.0</ele></trkpt>
<trkpt lat="51.612379" lon="-2.328079"><ele>91.6</ele></trkpt>
<trkpt lat="51.612256" lon="-2.327248"><ele>91.2</ele></trkpt>
<trkpt lat="51.612160" lon="-2.326903"><ele>90.5</ele></trkpt>
<trkpt lat="51.612126" lon="-2.326804"><ele>90.3</ele></trkpt>
<trkpt lat="51.612081" lon="-2.326719"><ele>90.0</ele></trkpt>
<trkpt lat="51.611943" lon="-2.326519"><ele>89.1</ele></trkpt>
<trkpt lat="51.611816" lon="-2.326376"><ele>88.1</ele></trkpt>
<trkpt lat="51.611559" lon="-2.326131"><ele>86.4</ele></trkpt>
<trkpt lat="51.611323" lon="-2.325768"><ele>85.5</ele></trkpt>
<trkpt lat="51.610678" lon="-2.324403"><ele>88.0</ele></trkpt>
<trkpt lat="51.610609" lon="-2.324187"><ele>89.4</ele></trkpt>
<trkpt lat="51.610450" lon="-2.323667"><ele>93.1</ele></trkpt>
<trkpt lat="51.610360" lon="-2.323227"><ele>96.2</ele></trkpt>
<trkpt lat="51.610280" lon="-2.323001"><ele>96.7</ele></trkpt>
<trkpt lat="51.610231" lon="-2.322941"><ele>96.6</ele></trkpt>
<trkpt lat="51.610116" lon="-2.322799"><ele>96.2</ele></trkpt>
<trkpt lat="51.609816" lon="-2.322404"><ele>95.1</ele></trkpt>
<trkpt lat="51.609214" lon="-2.321303"><ele>98.1</ele></trkpt>
<trkpt lat="51.608874" lon="-2.320941"><ele>95.5</ele></trkpt>
<trkpt lat="51.608069" lon="-2.319559"><ele>86.7</ele></trkpt>
<trkpt lat="51.607501" lon="-2.318514"><ele>80.9</ele></trkpt>
<trkpt lat="51.607473" lon="-2.318463"><ele>80.8</ele></trkpt>
<trkpt lat="51.607304" lon="-2.318899"><ele>80.1</ele></trkpt>
<trkpt lat="51.607106" lon="-2.319374"><ele>79.0</ele></trkpt>
<trkpt lat="51.606848" lon="-2.319833"><ele>77.6</ele></trkpt>
<trkpt lat="51.606611" lon="-2.320132"><ele>76.6</ele></trkpt>
<trkpt lat="51.606283" lon="-2.320278"><ele>76.5</ele></trkpt>
<trkpt lat="51.606264" lon="-2.320282"><ele>76.6</ele></trkpt>
<trkpt lat="51.606226" lon="-2.320291"><ele>76.7</ele></trkpt>
<trkpt lat="51.606146" lon="-2.320309"><ele>76.8</ele></trkpt>
<trkpt lat="51.606092" lon="-2.320321"><ele>76.9</ele></trkpt>
<trkpt lat="51.606071" lon="-2.319765"><ele>77.0</ele></trkpt>
<trkpt lat="51.606036" lon="-2.319279"><ele>77.4</ele></trkpt>
<trkpt lat="51.605932" lon="-2.318662"><ele>77.6</ele></trkpt>
<trkpt lat="51.605858" lon="-2.318366"><ele>77.4</ele></trkpt>
<trkpt lat="51.605770" lon="-2.318089"><ele>77.6</ele></trkpt>
<trkpt lat="51.605672" lon="-2.317809"><ele>78.5</ele></trkpt>
<trkpt lat="51.605557" lon="-2.317551"><ele>80.4</ele></trkpt>
<trkpt lat="51.605433" lon="-2.317315"><ele>81.9</ele></trkpt>
<trkpt lat="51.605310" lon="-2.317049"><ele>82.7</ele></trkpt>
<trkpt lat="51.604983" lon="-2.316312"><ele>82.2</ele></trkpt>
<trkpt lat="51.604689" lon="-2.315637"><ele>83.1</ele></trkpt>
<trkpt lat="51.604440" lon="-2.314994"><ele>81.9</ele></trkpt>
<trkpt lat="51.603989" lon="-2.314135"><ele>81.0</ele></trkpt>
<trkpt lat="51.603742" lon="-2.313727"><ele>81.3</ele></trkpt>
<trkpt lat="51.603475" lon="-2.313357"><ele>80.8</ele></trkpt>
<trkpt lat="51.602582" lon="-2.312311"><ele>82.0</ele></trkpt>
<trkpt lat="51.602477" lon="-2.312191"><ele>81.9</ele></trkpt>
<trkpt lat="51.602150" lon="-2.311716"><ele>82.3</ele></trkpt>
<trkpt lat="51.602103" lon="-2.311681"><ele>82.5</ele></trkpt>
<trkpt lat="51.602015" lon="-2.311617"><ele>83.0</ele></trkpt>
<trkpt lat="51.601815" lon="-2.311238"><ele>84.8</ele></trkpt>
<trkpt lat="51.601405" lon="-2.310133"><ele>84.8</ele></trkpt>
<trkpt lat="51.601274" lon="-2.309885"><ele>84.5</ele></trkpt>
<trkpt lat="51.601104" lon="-2.309689"><ele>85.6</ele></trkpt>
<trkpt lat="51.600827" lon="-2.309571"><ele>86.4</ele></trkpt>
<trkpt lat="51.600800" lon="-2.309566"><ele>86.4</ele></trkpt>
<trkpt lat="51.600773" lon="-2.309570"><ele>86.5</ele></trkpt>
<trkpt lat="51.600746" lon="-2.309551"><ele>86.6</ele></trkpt>
<trkpt lat="51.600476" lon="-2.309147"><ele>87.9</ele></trkpt>
<trkpt lat="51.600433" lon="-2.309098"><ele>88.0</ele></trkpt>
<trkpt lat="51.600349" lon="-2.309054"><ele>88.2</ele></trkpt>
<trkpt lat="51.600280" lon="-2.309006"><ele>88.2</ele></trkpt>
<trkpt lat="51.600188" lon="-2.308902"><ele>88.2</ele></trkpt>
<trkpt lat="51.600111" lon="-2.308788"><ele>88.2</ele></trkpt>
<trkpt lat="51.599906" lon="-2.308444"><ele>88.3</ele></trkpt>
<trkpt lat="51.599602" lon="-2.308055"><ele>89.9</ele></trkpt>
<trkpt lat="51.599268" lon="-2.308663"><ele>92.8</ele></trkpt>
<trkpt lat="51.598872" lon="-2.310026"><ele>104.5</ele></trkpt>
<trkpt lat="51.598642" lon="-2.311072"><ele>110.0</ele></trkpt>
<trkpt lat="51.598333" lon="-2.311485"><ele>116.4</ele></trkpt>
<trkpt lat="51.597997" lon="-2.311746"><ele>123.1</ele></trkpt>
<trkpt lat="51.597303" lon="-2.312434"><ele>133.9</ele></trkpt>
<trkpt lat="51.597108" lon="-2.312746"><ele>135.7</ele></trkpt>
<trkpt lat="51.596283" lon="-2.313626"><ele>140.7</ele></trkpt>
<trkpt lat="51.595884" lon="-2.314199"><ele>143.3</ele></trkpt>
<trkpt lat="51.595498" lon="-2.314909"><ele>147.0</ele></trkpt>
<trkpt lat="51.595116" lon="-2.315441"><ele>152.4</ele></trkpt>
<trkpt lat="51.594929" lon="-2.315598"><ele>155.8</ele></trkpt>
<trkpt lat="51.594571" lon="-2.316559"><ele>159.2</ele></trkpt>
<trkpt lat="51.594246" lon="-2.317424"><ele>161.5</ele></trkpt>
<trkpt lat="51.594020" lon="-2.318179"><ele>162.9</ele></trkpt>
<trkpt lat="51.593936" lon="-2.319356"><ele>160.8</ele></trkpt>
<trkpt lat="51.593894" lon="-2.320073"><ele>160.5</ele></trkpt>
<trkpt lat="51.593398" lon="-2.319901"><ele>167.8</ele></trkpt>
<trkpt lat="51.593213" lon="-2.319783"><ele>170.6</ele></trkpt>
<trkpt lat="51.593098" lon="-2.319709"><ele>172.1</ele></trkpt>
<trkpt lat="51.592770" lon="-2.319403"><ele>175.6</ele></trkpt>
<trkpt lat="51.592593" lon="-2.320248"><ele>175.7</ele></trkpt>
<trkpt lat="51.592351" lon="-2.321021"><ele>176.6</ele></trkpt>
<trkpt lat="51.592019" lon="-2.321899"><ele>179.0</ele></trkpt>
<trkpt lat="51.591613" lon="-2.323088"><ele>183.0</ele></trkpt>
<trkpt lat="51.591185" lon="-2.324044"><ele>184.6</ele></trkpt>
<trkpt lat="51.590829" lon="-2.324723"><ele>185.9</ele></trkpt>
<trkpt lat="51.590276" lon="-2.325469"><ele>189.3</ele></trkpt>
<trkpt lat="51.589426" lon="-2.326592"><ele>192.6</ele></trkpt>
<trkpt lat="51.588790" lon="-2.327345"><ele>194.8</ele></trkpt>
<trkpt lat="51.588556" lon="-2.327656"><ele>195.2</ele></trkpt>
<trkpt lat="51.588380" lon="-2.327950"><ele>195.4</ele></trkpt>
<trkpt lat="51.588182" lon="-2.328200"><ele>195.7</ele></trkpt>
<trkpt lat="51.587596" lon="-2.329011"><ele>197.2</ele></trkpt>
<trkpt lat="51.587414" lon="-2.329245"><ele>197.6</ele></trkpt>
<trkpt lat="51.587235" lon="-2.329445"><ele>197.8</ele></trkpt>
<trkpt lat="51.587197" lon="-2.329345"><ele>197.7</ele></trkpt>
<trkpt lat="51.587086" lon="-2.329464"><ele>197.7</ele></trkpt>
<trkpt lat="51.586963" lon="-2.329586"><ele>197.5</ele></trkpt>
<trkpt lat="51.586912" lon="-2.329541"><ele>197.4</ele></trkpt>
<trkpt lat="51.586791" lon="-2.329175"><ele>196.6</ele></trkpt>
<trkpt lat="51.586632" lon="-2.328716"><ele>195.2</ele></trkpt>
<trkpt lat="51.586447" lon="-2.328321"><ele>193.9</ele></trkpt>
<trkpt lat="51.586104" lon="-2.327716"><ele>192.3</ele></trkpt>
<trkpt lat="51.585831" lon="-2.327220"><ele>191.2</ele></trkpt>
<trkpt lat="51.585715" lon="-2.327033"><ele>190.7</ele></trkpt>
<trkpt lat="51.585662" lon="-2.327002"><ele>190.6</ele></trkpt>
<trkpt lat="51.585594" lon="-2.327044"><ele>190.4</ele></trkpt>
<trkpt lat="51.585212" lon="-2.326552"><ele>189.1</ele></trkpt>
<trkpt lat="51.585006" lon="-2.326383"><ele>188.6</ele></trkpt>
<trkpt lat="51.584697" lon="-2.326139"><ele>188.4</ele></trkpt>
<trkpt lat="51.584525" lon="-2.326347"><ele>188.5</ele></trkpt>
<trkpt lat="51.584282" lon="-2.326677"><ele>188.5</ele></trkpt>
<trkpt lat="51.584066" lon="-2.327020"><ele>188.3</ele></trkpt>
<trkpt lat="51.583962" lon="-2.327252"><ele>188.1</ele></trkpt>
<trkpt lat="51.583346" lon="-2.327638"><ele>187.4</ele></trkpt>
<trkpt lat="51.582653" lon="-2.327729"><ele>191.1</ele></trkpt>
<trkpt lat="51.582084" lon="-2.327885"><ele>194.5</ele></trkpt>
<trkpt lat="51.581787" lon="-2.327890"><ele>195.9</ele></trkpt>
<trkpt lat="51.581503" lon="-2.327815"><ele>197.1</ele></trkpt>
<trkpt lat="51.581477" lon="-2.327809"><ele>197.2</ele></trkpt>
<trkpt lat="51.581232" lon="-2.327758"><ele>198.0</ele></trkpt>
<trkpt lat="51.580889" lon="-2.327830"><ele>198.9</ele></trkpt>
<trkpt lat="51.580435" lon="-2.328000"><ele>199.4</ele></trkpt>
<trkpt lat="51.579968" lon="-2.328230"><ele>199.0</ele></trkpt>
<trkpt lat="51.579091" lon="-2.328756"><ele>197.8</ele></trkpt>
<trkpt lat="51.578875" lon="-2.328877"><ele>197.8</ele></trkpt>
<trkpt lat="51.578482" lon="-2.329048"><ele>197.6</ele></trkpt>
<trkpt lat="51.577676" lon="-2.329178"><ele>197.0</ele></trkpt>
<trkpt lat="51.576953" lon="-2.329061"><ele>195.7</ele></trkpt>
<trkpt lat="51.576346" lon="-2.328963"><ele>194.2</ele></trkpt>
<trkpt lat="51.575799" lon="-2.328731"><ele>193.1</ele></trkpt>
<trkpt lat="51.574753" lon="-2.327738"><ele>189.0</ele></trkpt>
<trkpt lat="51.573806" lon="-2.326718"><ele>186.5</ele></trkpt>
<trkpt lat="51.573559" lon="-2.326536"><ele>186.2</ele></trkpt>
<trkpt lat="51.573188" lon="-2.326441"><ele>185.5</ele></trkpt>
<trkpt lat="51.572019" lon="-2.326351"><ele>184.5</ele></trkpt>
<trkpt lat="51.571493" lon="-2.326391"><ele>184.7</ele></trkpt>
<trkpt lat="51.570477" lon="-2.326726"><ele>184.8</ele></trkpt>
<trkpt lat="51.569615" lon="-2.328136"><ele>188.0</ele></trkpt>
<trkpt lat="51.569134" lon="-2.328530"><ele>191.0</ele></trkpt>
<trkpt lat="51.568509" lon="-2.328933"><ele>193.1</ele></trkpt>
<trkpt lat="51.568193" lon="-2.329056"><ele>193.5</ele></trkpt>
<trkpt lat="51.567517" lon="-2.329397"><ele>194.1</ele></trkpt>
<trkpt lat="51.566910" lon="-2.329600"><ele>195.2</ele></trkpt>
<trkpt lat="51.565990" lon="-2.329713"><ele>195.6</ele></trkpt>
<trkpt lat="51.565169" lon="-2.329777"><ele>194.0</ele></trkpt>
<trkpt lat="51.564068" lon="-2.331118"><ele>188.9</ele></trkpt>
<trkpt lat="51.563659" lon="-2.331541"><ele>188.4</ele></trkpt>
<trkpt lat="51.563399" lon="-2.332250"><ele>185.2</ele></trkpt>
<trkpt lat="51.563119" lon="-2.332739"><ele>183.5</ele></trkpt>
<trkpt lat="51.562724" lon="-2.333730"><ele>182.2</ele></trkpt>
<trkpt lat="51.562491" lon="-2.335084"><ele>176.7</ele></trkpt>
<trkpt lat="51.562263" lon="-2.335604"><ele>173.9</ele></trkpt>
<trkpt lat="51.561951" lon="-2.335978"><ele>176.2</ele></trkpt>
<trkpt lat="51.561418" lon="-2.336130"><ele>182.8</ele></trkpt>
<trkpt lat="51.561419" lon="-2.336148"><ele>182.8</ele></trkpt>
<trkpt lat="51.561504" lon="-2.336711"><ele>179.3</ele></trkpt>
<trkpt lat="51.561213" lon="-2.339999"><ele>170.0</ele></trkpt>
<trkpt lat="51.561251" lon="-2.340159"><ele>168.5</ele></trkpt>
<trkpt lat="51.561374" lon="-2.340394"><ele>166.5</ele></trkpt>
<trkpt lat="51.561308" lon="-2.340581"><ele>165.3</ele></trkpt>
<trkpt lat="51.561303" lon="-2.340703"><ele>165.0</ele></trkpt>
<trkpt lat="51.561349" lon="-2.340824"><ele>164.6</ele></trkpt>
<trkpt lat="51.561351" lon="-2.340911"><ele>164.3</ele></trkpt>
<trkpt lat="51.561168" lon="-2.340683"><ele>166.9</ele></trkpt>
<trkpt lat="51.561121" lon="-2.340868"><ele>168.9</ele></trkpt>
<trkpt lat="51.561098" lon="-2.340868"><ele>169.3</ele></trkpt>
<trkpt lat="51.561038" lon="-2.340868"><ele>170.3</ele></trkpt>
<trkpt lat="51.559731" lon="-2.342004"><ele>179.9</ele></trkpt>
<trkpt lat="51.559459" lon="-2.342119"><ele>181.1</ele></trkpt>
<trkpt lat="51.559170" lon="-2.342126"><ele>183.8</ele></trkpt>
<trkpt lat="51.558774" lon="-2.341988"><ele>187.9</ele></trkpt>
<trkpt lat="51.558506" lon="-2.341676"><ele>191.3</ele></trkpt>
<trkpt lat="51.558474" lon="-2.341643"><ele>191.6</ele></trkpt>
<trkpt lat="51.557184" lon="-2.340314"><ele>193.6</ele></trkpt>
<trkpt lat="51.557170" lon="-2.340345"><ele>193.5</ele></trkpt>
<trkpt lat="51.556626" lon="-2.341559"><ele>181.8</ele></trkpt>
<trkpt lat="51.556506" lon="-2.342113"><ele>175.3</ele></trkpt>
<trkpt lat="51.556523" lon="-2.342561"><ele>171.8</ele></trkpt>
<trkpt lat="51.556759" lon="-2.342913"><ele>169.7</ele></trkpt>
<trkpt lat="51.556944" lon="-2.343134"><ele>168.5</ele></trkpt>
<trkpt lat="51.557131" lon="-2.343333"><ele>166.9</ele></trkpt>
<trkpt lat="51.557263" lon="-2.343578"><ele>164.8</ele></trkpt>
<trkpt lat="51.557139" lon="-2.344041"><ele>160.1</ele></trkpt>
<trkpt lat="51.557028" lon="-2.344225"><ele>158.0</ele></trkpt>
<trkpt lat="51.556944" lon="-2.344304"><ele>157.1</ele></trkpt>
<trkpt lat="51.556756" lon="-2.344431"><ele>155.5</ele></trkpt>
<trkpt lat="51.556827" lon="-2.345253"><ele>150.2</ele></trkpt>
<trkpt lat="51.556841" lon="-2.345416"><ele>150.0</ele></trkpt>
</trkseg></trk>
<trk><name>Cotswold Way Day 3 — Horton to Lansdown</name><desc>13.7 mi, +426 m / -379 m. Old Sodbury, Tormarton, Dyrham, up onto Lansdown. Carry lunch and water.</desc><trkseg>
<trkpt lat="51.556604" lon="-2.345415"><ele>149.9</ele></trkpt>
<trkpt lat="51.556378" lon="-2.345329"><ele>150.2</ele></trkpt>
<trkpt lat="51.556264" lon="-2.345318"><ele>150.1</ele></trkpt>
<trkpt lat="51.556147" lon="-2.345350"><ele>150.0</ele></trkpt>
<trkpt lat="51.554752" lon="-2.345868"><ele>147.9</ele></trkpt>
<trkpt lat="51.553264" lon="-2.346615"><ele>135.5</ele></trkpt>
<trkpt lat="51.553062" lon="-2.346717"><ele>132.6</ele></trkpt>
<trkpt lat="51.552630" lon="-2.346961"><ele>128.1</ele></trkpt>
<trkpt lat="51.552095" lon="-2.347091"><ele>126.7</ele></trkpt>
<trkpt lat="51.551757" lon="-2.347280"><ele>126.6</ele></trkpt>
<trkpt lat="51.551484" lon="-2.347305"><ele>127.2</ele></trkpt>
<trkpt lat="51.551201" lon="-2.347520"><ele>127.9</ele></trkpt>
<trkpt lat="51.550650" lon="-2.348337"><ele>128.4</ele></trkpt>
<trkpt lat="51.550244" lon="-2.348799"><ele>128.7</ele></trkpt>
<trkpt lat="51.549688" lon="-2.349198"><ele>129.8</ele></trkpt>
<trkpt lat="51.549412" lon="-2.349299"><ele>130.7</ele></trkpt>
<trkpt lat="51.549282" lon="-2.349346"><ele>130.8</ele></trkpt>
<trkpt lat="51.549039" lon="-2.349557"><ele>130.7</ele></trkpt>
<trkpt lat="51.548684" lon="-2.349735"><ele>130.3</ele></trkpt>
<trkpt lat="51.548325" lon="-2.350071"><ele>129.3</ele></trkpt>
<trkpt lat="51.548105" lon="-2.350214"><ele>128.7</ele></trkpt>
<trkpt lat="51.548054" lon="-2.350255"><ele>128.3</ele></trkpt>
<trkpt lat="51.547960" lon="-2.351080"><ele>124.7</ele></trkpt>
<trkpt lat="51.547969" lon="-2.351249"><ele>124.1</ele></trkpt>
<trkpt lat="51.547779" lon="-2.351498"><ele>123.8</ele></trkpt>
<trkpt lat="51.547558" lon="-2.351384"><ele>124.6</ele></trkpt>
<trkpt lat="51.547398" lon="-2.351320"><ele>125.4</ele></trkpt>
<trkpt lat="51.547251" lon="-2.351266"><ele>126.1</ele></trkpt>
<trkpt lat="51.547098" lon="-2.351223"><ele>126.7</ele></trkpt>
<trkpt lat="51.546911" lon="-2.351234"><ele>127.3</ele></trkpt>
<trkpt lat="51.546597" lon="-2.351309"><ele>127.7</ele></trkpt>
<trkpt lat="51.546351" lon="-2.351352"><ele>128.1</ele></trkpt>
<trkpt lat="51.546104" lon="-2.351406"><ele>128.3</ele></trkpt>
<trkpt lat="51.545950" lon="-2.351438"><ele>128.5</ele></trkpt>
<trkpt lat="51.545737" lon="-2.351417"><ele>128.9</ele></trkpt>
<trkpt lat="51.545610" lon="-2.351374"><ele>129.3</ele></trkpt>
<trkpt lat="51.545462" lon="-2.351299"><ele>129.8</ele></trkpt>
<trkpt lat="51.545370" lon="-2.351234"><ele>130.1</ele></trkpt>
<trkpt lat="51.545256" lon="-2.351062"><ele>130.9</ele></trkpt>
<trkpt lat="51.545156" lon="-2.350880"><ele>131.7</ele></trkpt>
<trkpt lat="51.545063" lon="-2.350751"><ele>132.3</ele></trkpt>
<trkpt lat="51.544909" lon="-2.350623"><ele>133.1</ele></trkpt>
<trkpt lat="51.544682" lon="-2.350440"><ele>134.3</ele></trkpt>
<trkpt lat="51.544462" lon="-2.350268"><ele>135.8</ele></trkpt>
<trkpt lat="51.544249" lon="-2.350086"><ele>137.7</ele></trkpt>
<trkpt lat="51.544042" lon="-2.349893"><ele>140.4</ele></trkpt>
<trkpt lat="51.543828" lon="-2.349678"><ele>144.2</ele></trkpt>
<trkpt lat="51.543668" lon="-2.349528"><ele>147.5</ele></trkpt>
<trkpt lat="51.543541" lon="-2.349432"><ele>150.1</ele></trkpt>
<trkpt lat="51.543455" lon="-2.349367"><ele>151.4</ele></trkpt>
<trkpt lat="51.543355" lon="-2.349367"><ele>152.0</ele></trkpt>
<trkpt lat="51.543255" lon="-2.349421"><ele>152.6</ele></trkpt>
<trkpt lat="51.543191" lon="-2.349464"><ele>153.5</ele></trkpt>
<trkpt lat="51.543171" lon="-2.349410"><ele>154.2</ele></trkpt>
<trkpt lat="51.543126" lon="-2.349290"><ele>155.8</ele></trkpt>
<trkpt lat="51.543122" lon="-2.349090"><ele>158.3</ele></trkpt>
<trkpt lat="51.543044" lon="-2.348717"><ele>164.1</ele></trkpt>
<trkpt lat="51.543037" lon="-2.348684"><ele>164.4</ele></trkpt>
<trkpt lat="51.543283" lon="-2.348244"><ele>168.7</ele></trkpt>
<trkpt lat="51.543489" lon="-2.347758"><ele>171.9</ele></trkpt>
<trkpt lat="51.543849" lon="-2.346981"><ele>178.6</ele></trkpt>
<trkpt lat="51.543683" lon="-2.346989"><ele>179.1</ele></trkpt>
<trkpt lat="51.543536" lon="-2.347105"><ele>179.7</ele></trkpt>
<trkpt lat="51.543428" lon="-2.347151"><ele>180.2</ele></trkpt>
<trkpt lat="51.543319" lon="-2.347098"><ele>180.8</ele></trkpt>
<trkpt lat="51.543250" lon="-2.347114"><ele>181.7</ele></trkpt>
<trkpt lat="51.543211" lon="-2.347077"><ele>182.2</ele></trkpt>
<trkpt lat="51.543212" lon="-2.347044"><ele>182.5</ele></trkpt>
<trkpt lat="51.543215" lon="-2.347029"><ele>182.6</ele></trkpt>
<trkpt lat="51.543219" lon="-2.346912"><ele>183.5</ele></trkpt>
<trkpt lat="51.543213" lon="-2.346814"><ele>184.1</ele></trkpt>
<trkpt lat="51.543200" lon="-2.346781"><ele>184.2</ele></trkpt>
<trkpt lat="51.543181" lon="-2.346755"><ele>184.3</ele></trkpt>
<trkpt lat="51.543160" lon="-2.346732"><ele>184.5</ele></trkpt>
<trkpt lat="51.543142" lon="-2.346720"><ele>184.6</ele></trkpt>
<trkpt lat="51.543090" lon="-2.346731"><ele>184.8</ele></trkpt>
<trkpt lat="51.543067" lon="-2.346738"><ele>185.0</ele></trkpt>
<trkpt lat="51.542971" lon="-2.346738"><ele>185.3</ele></trkpt>
<trkpt lat="51.541814" lon="-2.346958"><ele>183.9</ele></trkpt>
<trkpt lat="51.540700" lon="-2.347170"><ele>186.5</ele></trkpt>
<trkpt lat="51.540008" lon="-2.347214"><ele>186.7</ele></trkpt>
<trkpt lat="51.539171" lon="-2.347411"><ele>186.7</ele></trkpt>
<trkpt lat="51.539152" lon="-2.347428"><ele>186.5</ele></trkpt>
<trkpt lat="51.539105" lon="-2.347509"><ele>186.0</ele></trkpt>
<trkpt lat="51.539266" lon="-2.348179"><ele>177.9</ele></trkpt>
<trkpt lat="51.539441" lon="-2.348578"><ele>170.4</ele></trkpt>
<trkpt lat="51.539641" lon="-2.348939"><ele>163.2</ele></trkpt>
<trkpt lat="51.539961" lon="-2.349419"><ele>154.6</ele></trkpt>
<trkpt lat="51.540061" lon="-2.349458"><ele>153.8</ele></trkpt>
<trkpt lat="51.540164" lon="-2.349522"><ele>152.9</ele></trkpt>
<trkpt lat="51.539992" lon="-2.349541"><ele>152.0</ele></trkpt>
<trkpt lat="51.539481" lon="-2.349709"><ele>148.5</ele></trkpt>
<trkpt lat="51.538641" lon="-2.350105"><ele>145.9</ele></trkpt>
<trkpt lat="51.538424" lon="-2.350318"><ele>144.8</ele></trkpt>
<trkpt lat="51.538280" lon="-2.350436"><ele>144.0</ele></trkpt>
<trkpt lat="51.538112" lon="-2.350509"><ele>143.5</ele></trkpt>
<trkpt lat="51.537872" lon="-2.350481"><ele>143.9</ele></trkpt>
<trkpt lat="51.537632" lon="-2.350470"><ele>144.2</ele></trkpt>
<trkpt lat="51.536890" lon="-2.350514"><ele>145.4</ele></trkpt>
<trkpt lat="51.536475" lon="-2.350700"><ele>146.4</ele></trkpt>
<trkpt lat="51.535546" lon="-2.351658"><ele>146.7</ele></trkpt>
<trkpt lat="51.535452" lon="-2.351673"><ele>147.2</ele></trkpt>
<trkpt lat="51.535063" lon="-2.351842"><ele>148.7</ele></trkpt>
<trkpt lat="51.534970" lon="-2.351872"><ele>148.8</ele></trkpt>
<trkpt lat="51.534744" lon="-2.351952"><ele>148.7</ele></trkpt>
<trkpt lat="51.534681" lon="-2.351978"><ele>148.5</ele></trkpt>
<trkpt lat="51.534532" lon="-2.352099"><ele>147.8</ele></trkpt>
<trkpt lat="51.534457" lon="-2.352218"><ele>146.9</ele></trkpt>
<trkpt lat="51.534382" lon="-2.352355"><ele>146.0</ele></trkpt>
<trkpt lat="51.534289" lon="-2.352558"><ele>144.5</ele></trkpt>
<trkpt lat="51.534245" lon="-2.352649"><ele>143.8</ele></trkpt>
<trkpt lat="51.534198" lon="-2.352699"><ele>143.3</ele></trkpt>
<trkpt lat="51.534276" lon="-2.352838"><ele>142.5</ele></trkpt>
<trkpt lat="51.534300" lon="-2.352982"><ele>142.0</ele></trkpt>
<trkpt lat="51.534303" lon="-2.353012"><ele>141.9</ele></trkpt>
<trkpt lat="51.534324" lon="-2.353402"><ele>139.9</ele></trkpt>
<trkpt lat="51.534435" lon="-2.353472"><ele>138.7</ele></trkpt>
<trkpt lat="51.534458" lon="-2.353592"><ele>137.7</ele></trkpt>
<trkpt lat="51.534500" lon="-2.353807"><ele>135.9</ele></trkpt>
<trkpt lat="51.534503" lon="-2.354036"><ele>133.6</ele></trkpt>
<trkpt lat="51.534503" lon="-2.354098"><ele>132.9</ele></trkpt>
<trkpt lat="51.534391" lon="-2.355513"><ele>123.0</ele></trkpt>
<trkpt lat="51.534336" lon="-2.355583"><ele>122.5</ele></trkpt>
<trkpt lat="51.534314" lon="-2.355983"><ele>121.0</ele></trkpt>
<trkpt lat="51.534239" lon="-2.356060"><ele>120.7</ele></trkpt>
<trkpt lat="51.534211" lon="-2.356088"><ele>120.6</ele></trkpt>
<trkpt lat="51.533384" lon="-2.356909"><ele>118.5</ele></trkpt>
<trkpt lat="51.533245" lon="-2.356939"><ele>118.4</ele></trkpt>
<trkpt lat="51.533135" lon="-2.357054"><ele>118.4</ele></trkpt>
<trkpt lat="51.532703" lon="-2.357064"><ele>119.0</ele></trkpt>
<trkpt lat="51.532304" lon="-2.357063"><ele>119.9</ele></trkpt>
<trkpt lat="51.532227" lon="-2.357152"><ele>119.9</ele></trkpt>
<trkpt lat="51.532197" lon="-2.357180"><ele>119.8</ele></trkpt>
<trkpt lat="51.532208" lon="-2.357236"><ele>119.8</ele></trkpt>
<trkpt lat="51.532174" lon="-2.357247"><ele>119.8</ele></trkpt>
<trkpt lat="51.531968" lon="-2.357309"><ele>120.0</ele></trkpt>
<trkpt lat="51.531517" lon="-2.357578"><ele>117.7</ele></trkpt>
<trkpt lat="51.531221" lon="-2.357709"><ele>115.7</ele></trkpt>
<trkpt lat="51.531119" lon="-2.357756"><ele>115.1</ele></trkpt>
<trkpt lat="51.530869" lon="-2.357872"><ele>114.3</ele></trkpt>
<trkpt lat="51.530433" lon="-2.358214"><ele>114.0</ele></trkpt>
<trkpt lat="51.530105" lon="-2.358502"><ele>114.5</ele></trkpt>
<trkpt lat="51.529929" lon="-2.358634"><ele>114.7</ele></trkpt>
<trkpt lat="51.529777" lon="-2.358742"><ele>114.6</ele></trkpt>
<trkpt lat="51.529702" lon="-2.358782"><ele>114.6</ele></trkpt>
<trkpt lat="51.529501" lon="-2.358813"><ele>114.4</ele></trkpt>
<trkpt lat="51.529362" lon="-2.358843"><ele>114.2</ele></trkpt>
<trkpt lat="51.529195" lon="-2.358891"><ele>113.8</ele></trkpt>
<trkpt lat="51.529037" lon="-2.358941"><ele>113.8</ele></trkpt>
<trkpt lat="51.528972" lon="-2.358820"><ele>113.9</ele></trkpt>
<trkpt lat="51.528669" lon="-2.358114"><ele>115.6</ele></trkpt>
<trkpt lat="51.528474" lon="-2.357479"><ele>117.4</ele></trkpt>
<trkpt lat="51.527758" lon="-2.356400"><ele>121.5</ele></trkpt>
<trkpt lat="51.527483" lon="-2.356071"><ele>124.0</ele></trkpt>
<trkpt lat="51.527394" lon="-2.356109"><ele>124.3</ele></trkpt>
<trkpt lat="51.526921" lon="-2.356175"><ele>125.7</ele></trkpt>
<trkpt lat="51.525990" lon="-2.355630"><ele>133.6</ele></trkpt>
<trkpt lat="51.525269" lon="-2.355487"><ele>136.9</ele></trkpt>
<trkpt lat="51.524942" lon="-2.355319"><ele>137.5</ele></trkpt>
<trkpt lat="51.524916" lon="-2.355275"><ele>137.5</ele></trkpt>
<trkpt lat="51.524850" lon="-2.355137"><ele>137.4</ele></trkpt>
<trkpt lat="51.524831" lon="-2.355065"><ele>137.3</ele></trkpt>
<trkpt lat="51.524748" lon="-2.355156"><ele>137.2</ele></trkpt>
<trkpt lat="51.524440" lon="-2.355406"><ele>134.1</ele></trkpt>
<trkpt lat="51.524331" lon="-2.355486"><ele>133.0</ele></trkpt>
<trkpt lat="51.524126" lon="-2.355639"><ele>131.0</ele></trkpt>
<trkpt lat="51.523812" lon="-2.355830"><ele>128.5</ele></trkpt>
<trkpt lat="51.523505" lon="-2.356108"><ele>126.6</ele></trkpt>
<trkpt lat="51.523308" lon="-2.356370"><ele>125.1</ele></trkpt>
<trkpt lat="51.523104" lon="-2.356687"><ele>123.9</ele></trkpt>
<trkpt lat="51.522968" lon="-2.356535"><ele>124.1</ele></trkpt>
<trkpt lat="51.522949" lon="-2.356506"><ele>124.1</ele></trkpt>
<trkpt lat="51.522731" lon="-2.356162"><ele>124.8</ele></trkpt>
<trkpt lat="51.522715" lon="-2.356121"><ele>124.9</ele></trkpt>
<trkpt lat="51.522639" lon="-2.355967"><ele>125.1</ele></trkpt>
<trkpt lat="51.522344" lon="-2.355314"><ele>125.6</ele></trkpt>
<trkpt lat="51.521941" lon="-2.354476"><ele>125.3</ele></trkpt>
<trkpt lat="51.521681" lon="-2.353965"><ele>125.1</ele></trkpt>
<trkpt lat="51.521481" lon="-2.353747"><ele>125.0</ele></trkpt>
<trkpt lat="51.521243" lon="-2.353564"><ele>125.7</ele></trkpt>
<trkpt lat="51.521168" lon="-2.353554"><ele>126.2</ele></trkpt>
<trkpt lat="51.521122" lon="-2.353588"><ele>126.5</ele></trkpt>
<trkpt lat="51.521018" lon="-2.353699"><ele>127.2</ele></trkpt>
<trkpt lat="51.520953" lon="-2.353716"><ele>127.6</ele></trkpt>
<trkpt lat="51.519620" lon="-2.352898"><ele>141.5</ele></trkpt>
<trkpt lat="51.519311" lon="-2.352752"><ele>147.7</ele></trkpt>
<trkpt lat="51.518983" lon="-2.352768"><ele>152.8</ele></trkpt>
<trkpt lat="51.518798" lon="-2.352713"><ele>155.8</ele></trkpt>
<trkpt lat="51.518673" lon="-2.352625"><ele>158.1</ele></trkpt>
<trkpt lat="51.518534" lon="-2.352505"><ele>160.8</ele></trkpt>
<trkpt lat="51.518406" lon="-2.352363"><ele>162.9</ele></trkpt>
<trkpt lat="51.518267" lon="-2.352267"><ele>164.8</ele></trkpt>
<trkpt lat="51.518200" lon="-2.352286"><ele>165.2</ele></trkpt>
<trkpt lat="51.518101" lon="-2.352299"><ele>165.7</ele></trkpt>
<trkpt lat="51.517620" lon="-2.352078"><ele>168.3</ele></trkpt>
<trkpt lat="51.516738" lon="-2.351816"><ele>169.4</ele></trkpt>
<trkpt lat="51.516469" lon="-2.351596"><ele>170.3</ele></trkpt>
<trkpt lat="51.516391" lon="-2.351453"><ele>170.5</ele></trkpt>
<trkpt lat="51.514566" lon="-2.350144"><ele>167.1</ele></trkpt>
<trkpt lat="51.514333" lon="-2.349915"><ele>168.4</ele></trkpt>
<trkpt lat="51.513981" lon="-2.349579"><ele>168.8</ele></trkpt>
<trkpt lat="51.513511" lon="-2.349161"><ele>164.3</ele></trkpt>
<trkpt lat="51.513214" lon="-2.348714"><ele>160.3</ele></trkpt>
<trkpt lat="51.513093" lon="-2.348431"><ele>157.6</ele></trkpt>
<trkpt lat="51.512974" lon="-2.348281"><ele>155.5</ele></trkpt>
<trkpt lat="51.512583" lon="-2.347586"><ele>151.2</ele></trkpt>
<trkpt lat="51.512268" lon="-2.347129"><ele>152.7</ele></trkpt>
<trkpt lat="51.511805" lon="-2.346584"><ele>152.5</ele></trkpt>
<trkpt lat="51.511371" lon="-2.346151"><ele>150.7</ele></trkpt>
<trkpt lat="51.510970" lon="-2.345626"><ele>150.9</ele></trkpt>
<trkpt lat="51.510927" lon="-2.345584"><ele>151.0</ele></trkpt>
<trkpt lat="51.510885" lon="-2.345568"><ele>151.1</ele></trkpt>
<trkpt lat="51.510853" lon="-2.345549"><ele>151.2</ele></trkpt>
<trkpt lat="51.510458" lon="-2.345121"><ele>153.4</ele></trkpt>
<trkpt lat="51.510336" lon="-2.344816"><ele>154.9</ele></trkpt>
<trkpt lat="51.510255" lon="-2.344606"><ele>156.4</ele></trkpt>
<trkpt lat="51.509703" lon="-2.343703"><ele>168.0</ele></trkpt>
<trkpt lat="51.509589" lon="-2.343465"><ele>169.7</ele></trkpt>
<trkpt lat="51.509566" lon="-2.343259"><ele>169.7</ele></trkpt>
<trkpt lat="51.509543" lon="-2.343204"><ele>169.7</ele></trkpt>
<trkpt lat="51.509501" lon="-2.343105"><ele>169.7</ele></trkpt>
<trkpt lat="51.509421" lon="-2.342895"><ele>169.5</ele></trkpt>
<trkpt lat="51.508978" lon="-2.341731"><ele>169.3</ele></trkpt>
<trkpt lat="51.508432" lon="-2.340294"><ele>171.3</ele></trkpt>
<trkpt lat="51.508025" lon="-2.339228"><ele>170.5</ele></trkpt>
<trkpt lat="51.507988" lon="-2.339193"><ele>170.5</ele></trkpt>
<trkpt lat="51.507954" lon="-2.339157"><ele>170.4</ele></trkpt>
<trkpt lat="51.507943" lon="-2.339107"><ele>170.4</ele></trkpt>
<trkpt lat="51.507598" lon="-2.337411"><ele>168.6</ele></trkpt>
<trkpt lat="51.507554" lon="-2.336788"><ele>167.8</ele></trkpt>
<trkpt lat="51.507544" lon="-2.336556"><ele>167.5</ele></trkpt>
<trkpt lat="51.507536" lon="-2.336433"><ele>167.6</ele></trkpt>
<trkpt lat="51.507548" lon="-2.336322"><ele>167.7</ele></trkpt>
<trkpt lat="51.507621" lon="-2.336308"><ele>167.8</ele></trkpt>
<trkpt lat="51.507803" lon="-2.336237"><ele>168.4</ele></trkpt>
<trkpt lat="51.507885" lon="-2.336252"><ele>168.7</ele></trkpt>
<trkpt lat="51.507942" lon="-2.336301"><ele>169.0</ele></trkpt>
<trkpt lat="51.507992" lon="-2.336373"><ele>169.1</ele></trkpt>
<trkpt lat="51.508043" lon="-2.336328"><ele>169.2</ele></trkpt>
<trkpt lat="51.508202" lon="-2.335490"><ele>169.9</ele></trkpt>
<trkpt lat="51.508211" lon="-2.335376"><ele>169.9</ele></trkpt>
<trkpt lat="51.508171" lon="-2.334493"><ele>169.4</ele></trkpt>
<trkpt lat="51.508103" lon="-2.334303"><ele>169.0</ele></trkpt>
<trkpt lat="51.508083" lon="-2.334240"><ele>168.9</ele></trkpt>
<trkpt lat="51.508010" lon="-2.334264"><ele>168.6</ele></trkpt>
<trkpt lat="51.507851" lon="-2.334341"><ele>168.0</ele></trkpt>
<trkpt lat="51.507640" lon="-2.334468"><ele>167.1</ele></trkpt>
<trkpt lat="51.507354" lon="-2.334683"><ele>166.1</ele></trkpt>
<trkpt lat="51.507325" lon="-2.334706"><ele>166.0</ele></trkpt>
<trkpt lat="51.507115" lon="-2.334877"><ele>165.7</ele></trkpt>
<trkpt lat="51.507046" lon="-2.334904"><ele>165.6</ele></trkpt>
<trkpt lat="51.506989" lon="-2.334863"><ele>165.6</ele></trkpt>
<trkpt lat="51.506954" lon="-2.334774"><ele>165.5</ele></trkpt>
<trkpt lat="51.506837" lon="-2.334087"><ele>164.9</ele></trkpt>
<trkpt lat="51.506728" lon="-2.333528"><ele>163.8</ele></trkpt>
<trkpt lat="51.506587" lon="-2.333000"><ele>162.9</ele></trkpt>
<trkpt lat="51.506483" lon="-2.332641"><ele>162.5</ele></trkpt>
<trkpt lat="51.506431" lon="-2.332526"><ele>162.4</ele></trkpt>
<trkpt lat="51.506369" lon="-2.332405"><ele>162.4</ele></trkpt>
<trkpt lat="51.506278" lon="-2.332260"><ele>162.5</ele></trkpt>
<trkpt lat="51.506223" lon="-2.332206"><ele>162.6</ele></trkpt>
<trkpt lat="51.506128" lon="-2.332183"><ele>162.8</ele></trkpt>
<trkpt lat="51.505889" lon="-2.332206"><ele>163.7</ele></trkpt>
<trkpt lat="51.505565" lon="-2.332237"><ele>164.9</ele></trkpt>
<trkpt lat="51.505314" lon="-2.332260"><ele>165.9</ele></trkpt>
<trkpt lat="51.504926" lon="-2.332254"><ele>167.1</ele></trkpt>
<trkpt lat="51.504658" lon="-2.332226"><ele>167.6</ele></trkpt>
<trkpt lat="51.504468" lon="-2.332210"><ele>167.8</ele></trkpt>
<trkpt lat="51.504180" lon="-2.332180"><ele>168.0</ele></trkpt>
<trkpt lat="51.503860" lon="-2.332116"><ele>168.0</ele></trkpt>
<trkpt lat="51.503494" lon="-2.331988"><ele>167.8</ele></trkpt>
<trkpt lat="51.503256" lon="-2.331869"><ele>167.6</ele></trkpt>
<trkpt lat="51.502745" lon="-2.331561"><ele>167.0</ele></trkpt>
<trkpt lat="51.502199" lon="-2.331257"><ele>165.7</ele></trkpt>
<trkpt lat="51.501860" lon="-2.331091"><ele>164.6</ele></trkpt>
<trkpt lat="51.501641" lon="-2.330954"><ele>163.8</ele></trkpt>
<trkpt lat="51.501382" lon="-2.330774"><ele>162.8</ele></trkpt>
<trkpt lat="51.500948" lon="-2.330379"><ele>160.9</ele></trkpt>
<trkpt lat="51.500865" lon="-2.330572"><ele>160.3</ele></trkpt>
<trkpt lat="51.500844" lon="-2.330664"><ele>160.1</ele></trkpt>
<trkpt lat="51.500843" lon="-2.330761"><ele>159.9</ele></trkpt>
<trkpt lat="51.500868" lon="-2.331981"><ele>159.3</ele></trkpt>
<trkpt lat="51.500910" lon="-2.333536"><ele>160.2</ele></trkpt>
<trkpt lat="51.500915" lon="-2.333702"><ele>160.2</ele></trkpt>
<trkpt lat="51.500953" lon="-2.335418"><ele>161.3</ele></trkpt>
<trkpt lat="51.500930" lon="-2.335527"><ele>161.5</ele></trkpt>
<trkpt lat="51.500905" lon="-2.335558"><ele>161.5</ele></trkpt>
<trkpt lat="51.500879" lon="-2.335590"><ele>161.6</ele></trkpt>
<trkpt lat="51.500808" lon="-2.335594"><ele>161.8</ele></trkpt>
<trkpt lat="51.500765" lon="-2.335566"><ele>162.0</ele></trkpt>
<trkpt lat="51.500413" lon="-2.335780"><ele>163.6</ele></trkpt>
<trkpt lat="51.500134" lon="-2.336040"><ele>165.0</ele></trkpt>
<trkpt lat="51.499118" lon="-2.337413"><ele>168.3</ele></trkpt>
<trkpt lat="51.498808" lon="-2.337890"><ele>169.6</ele></trkpt>
<trkpt lat="51.498503" lon="-2.338501"><ele>170.4</ele></trkpt>
<trkpt lat="51.497964" lon="-2.339648"><ele>172.2</ele></trkpt>
<trkpt lat="51.496933" lon="-2.341510"><ele>176.4</ele></trkpt>
<trkpt lat="51.496496" lon="-2.342891"><ele>178.3</ele></trkpt>
<trkpt lat="51.496201" lon="-2.343686"><ele>179.5</ele></trkpt>
<trkpt lat="51.494595" lon="-2.347488"><ele>184.7</ele></trkpt>
<trkpt lat="51.494513" lon="-2.347542"><ele>184.8</ele></trkpt>
<trkpt lat="51.495867" lon="-2.348830"><ele>182.4</ele></trkpt>
<trkpt lat="51.496192" lon="-2.349221"><ele>183.0</ele></trkpt>
<trkpt lat="51.496336" lon="-2.349420"><ele>183.6</ele></trkpt>
<trkpt lat="51.496453" lon="-2.349763"><ele>184.6</ele></trkpt>
<trkpt lat="51.496611" lon="-2.350259"><ele>186.3</ele></trkpt>
<trkpt lat="51.496687" lon="-2.350521"><ele>187.0</ele></trkpt>
<trkpt lat="51.496741" lon="-2.350740"><ele>187.5</ele></trkpt>
<trkpt lat="51.496795" lon="-2.351093"><ele>188.4</ele></trkpt>
<trkpt lat="51.496837" lon="-2.351481"><ele>189.2</ele></trkpt>
<trkpt lat="51.496867" lon="-2.351755"><ele>189.9</ele></trkpt>
<trkpt lat="51.496974" lon="-2.352660"><ele>192.1</ele></trkpt>
<trkpt lat="51.497037" lon="-2.353176"><ele>194.0</ele></trkpt>
<trkpt lat="51.497067" lon="-2.353351"><ele>194.6</ele></trkpt>
<trkpt lat="51.497055" lon="-2.353378"><ele>194.6</ele></trkpt>
<trkpt lat="51.496725" lon="-2.353663"><ele>194.5</ele></trkpt>
<trkpt lat="51.496758" lon="-2.353745"><ele>194.6</ele></trkpt>
<trkpt lat="51.496813" lon="-2.353920"><ele>195.1</ele></trkpt>
<trkpt lat="51.496856" lon="-2.353907"><ele>195.5</ele></trkpt>
<trkpt lat="51.497054" lon="-2.353903"><ele>197.0</ele></trkpt>
<trkpt lat="51.497126" lon="-2.353918"><ele>197.4</ele></trkpt>
<trkpt lat="51.497283" lon="-2.353938"><ele>198.3</ele></trkpt>
<trkpt lat="51.497608" lon="-2.353960"><ele>198.7</ele></trkpt>
<trkpt lat="51.498053" lon="-2.353931"><ele>197.9</ele></trkpt>
<trkpt lat="51.498122" lon="-2.353909"><ele>197.8</ele></trkpt>
<trkpt lat="51.498220" lon="-2.354693"><ele>199.3</ele></trkpt>
<trkpt lat="51.498173" lon="-2.354718"><ele>199.5</ele></trkpt>
<trkpt lat="51.498052" lon="-2.354761"><ele>200.3</ele></trkpt>
<trkpt lat="51.497977" lon="-2.354827"><ele>200.8</ele></trkpt>
<trkpt lat="51.497911" lon="-2.354927"><ele>201.4</ele></trkpt>
<trkpt lat="51.497846" lon="-2.355077"><ele>202.1</ele></trkpt>
<trkpt lat="51.497822" lon="-2.355331"><ele>202.8</ele></trkpt>
<trkpt lat="51.497861" lon="-2.355651"><ele>203.3</ele></trkpt>
<trkpt lat="51.498045" lon="-2.357183"><ele>205.9</ele></trkpt>
<trkpt lat="51.498188" lon="-2.357733"><ele>206.4</ele></trkpt>
<trkpt lat="51.498286" lon="-2.357908"><ele>206.2</ele></trkpt>
<trkpt lat="51.498314" lon="-2.358075"><ele>206.1</ele></trkpt>
<trkpt lat="51.498281" lon="-2.358283"><ele>206.6</ele></trkpt>
<trkpt lat="51.498256" lon="-2.358532"><ele>207.3</ele></trkpt>
<trkpt lat="51.498333" lon="-2.359393"><ele>207.1</ele></trkpt>
<trkpt lat="51.498370" lon="-2.360365"><ele>204.4</ele></trkpt>
<trkpt lat="51.498342" lon="-2.360750"><ele>202.7</ele></trkpt>
<trkpt lat="51.498315" lon="-2.360831"><ele>202.4</ele></trkpt>
<trkpt lat="51.498261" lon="-2.360911"><ele>201.9</ele></trkpt>
<trkpt lat="51.498239" lon="-2.361003"><ele>201.6</ele></trkpt>
<trkpt lat="51.498171" lon="-2.362267"><ele>193.5</ele></trkpt>
<trkpt lat="51.498167" lon="-2.362407"><ele>192.4</ele></trkpt>
<trkpt lat="51.498181" lon="-2.362550"><ele>191.2</ele></trkpt>
<trkpt lat="51.498227" lon="-2.362777"><ele>189.1</ele></trkpt>
<trkpt lat="51.498297" lon="-2.362992"><ele>188.1</ele></trkpt>
<trkpt lat="51.498277" lon="-2.363008"><ele>188.0</ele></trkpt>
<trkpt lat="51.496004" lon="-2.364814"><ele>194.3</ele></trkpt>
<trkpt lat="51.490523" lon="-2.366270"><ele>192.9</ele></trkpt>
<trkpt lat="51.490440" lon="-2.366258"><ele>192.8</ele></trkpt>
<trkpt lat="51.490457" lon="-2.366011"><ele>193.0</ele></trkpt>
<trkpt lat="51.488597" lon="-2.365794"><ele>192.5</ele></trkpt>
<trkpt lat="51.487474" lon="-2.365599"><ele>190.8</ele></trkpt>
<trkpt lat="51.487290" lon="-2.365559"><ele>190.6</ele></trkpt>
<trkpt lat="51.487232" lon="-2.365527"><ele>190.6</ele></trkpt>
<trkpt lat="51.487226" lon="-2.365632"><ele>190.6</ele></trkpt>
<trkpt lat="51.487221" lon="-2.365744"><ele>190.6</ele></trkpt>
<trkpt lat="51.487207" lon="-2.366147"><ele>190.6</ele></trkpt>
<trkpt lat="51.487201" lon="-2.366229"><ele>190.6</ele></trkpt>
<trkpt lat="51.487177" lon="-2.366312"><ele>190.6</ele></trkpt>
<trkpt lat="51.487127" lon="-2.366391"><ele>190.5</ele></trkpt>
<trkpt lat="51.486856" lon="-2.366891"><ele>189.8</ele></trkpt>
<trkpt lat="51.486563" lon="-2.367756"><ele>188.1</ele></trkpt>
<trkpt lat="51.486265" lon="-2.370253"><ele>174.4</ele></trkpt>
<trkpt lat="51.486199" lon="-2.370709"><ele>170.4</ele></trkpt>
<trkpt lat="51.485484" lon="-2.373333"><ele>154.0</ele></trkpt>
<trkpt lat="51.485223" lon="-2.374021"><ele>151.7</ele></trkpt>
<trkpt lat="51.484924" lon="-2.374421"><ele>151.0</ele></trkpt>
<trkpt lat="51.484361" lon="-2.375328"><ele>147.2</ele></trkpt>
<trkpt lat="51.483988" lon="-2.376143"><ele>141.6</ele></trkpt>
<trkpt lat="51.483687" lon="-2.376671"><ele>138.5</ele></trkpt>
<trkpt lat="51.482856" lon="-2.377644"><ele>134.5</ele></trkpt>
<trkpt lat="51.482757" lon="-2.377733"><ele>134.4</ele></trkpt>
<trkpt lat="51.482728" lon="-2.377745"><ele>134.3</ele></trkpt>
<trkpt lat="51.482523" lon="-2.377773"><ele>134.3</ele></trkpt>
<trkpt lat="51.482441" lon="-2.377763"><ele>134.5</ele></trkpt>
<trkpt lat="51.482162" lon="-2.377725"><ele>135.1</ele></trkpt>
<trkpt lat="51.481881" lon="-2.377675"><ele>135.3</ele></trkpt>
<trkpt lat="51.481273" lon="-2.377357"><ele>132.9</ele></trkpt>
<trkpt lat="51.481212" lon="-2.377326"><ele>132.9</ele></trkpt>
<trkpt lat="51.481151" lon="-2.377137"><ele>132.9</ele></trkpt>
<trkpt lat="51.481103" lon="-2.376905"><ele>133.4</ele></trkpt>
<trkpt lat="51.481033" lon="-2.376665"><ele>134.2</ele></trkpt>
<trkpt lat="51.480973" lon="-2.376350"><ele>134.7</ele></trkpt>
<trkpt lat="51.480833" lon="-2.376035"><ele>133.8</ele></trkpt>
<trkpt lat="51.480760" lon="-2.375973"><ele>133.3</ele></trkpt>
<trkpt lat="51.480712" lon="-2.375960"><ele>132.7</ele></trkpt>
<trkpt lat="51.480673" lon="-2.375950"><ele>132.2</ele></trkpt>
<trkpt lat="51.480488" lon="-2.375962"><ele>129.5</ele></trkpt>
<trkpt lat="51.480380" lon="-2.375944"><ele>128.2</ele></trkpt>
<trkpt lat="51.480153" lon="-2.375918"><ele>125.7</ele></trkpt>
<trkpt lat="51.479984" lon="-2.375825"><ele>123.8</ele></trkpt>
<trkpt lat="51.479896" lon="-2.375809"><ele>123.3</ele></trkpt>
<trkpt lat="51.479791" lon="-2.375813"><ele>123.2</ele></trkpt>
<trkpt lat="51.479224" lon="-2.375915"><ele>124.1</ele></trkpt>
<trkpt lat="51.479184" lon="-2.375916"><ele>124.1</ele></trkpt>
<trkpt lat="51.479136" lon="-2.375967"><ele>124.2</ele></trkpt>
<trkpt lat="51.479029" lon="-2.376167"><ele>123.5</ele></trkpt>
<trkpt lat="51.478778" lon="-2.376266"><ele>123.3</ele></trkpt>
<trkpt lat="51.478599" lon="-2.376157"><ele>124.0</ele></trkpt>
<trkpt lat="51.478539" lon="-2.376070"><ele>124.5</ele></trkpt>
<trkpt lat="51.478452" lon="-2.375828"><ele>125.7</ele></trkpt>
<trkpt lat="51.478364" lon="-2.375690"><ele>126.7</ele></trkpt>
<trkpt lat="51.478204" lon="-2.375604"><ele>127.7</ele></trkpt>
<trkpt lat="51.478030" lon="-2.375486"><ele>128.3</ele></trkpt>
<trkpt lat="51.477613" lon="-2.375698"><ele>126.6</ele></trkpt>
<trkpt lat="51.477284" lon="-2.375945"><ele>127.6</ele></trkpt>
<trkpt lat="51.476886" lon="-2.376263"><ele>124.9</ele></trkpt>
<trkpt lat="51.476331" lon="-2.376868"><ele>120.5</ele></trkpt>
<trkpt lat="51.476106" lon="-2.377279"><ele>119.8</ele></trkpt>
<trkpt lat="51.475761" lon="-2.377734"><ele>119.3</ele></trkpt>
<trkpt lat="51.475311" lon="-2.378153"><ele>118.8</ele></trkpt>
<trkpt lat="51.475095" lon="-2.378141"><ele>119.1</ele></trkpt>
<trkpt lat="51.474869" lon="-2.378320"><ele>117.0</ele></trkpt>
<trkpt lat="51.474829" lon="-2.378343"><ele>116.5</ele></trkpt>
<trkpt lat="51.473885" lon="-2.378891"><ele>114.4</ele></trkpt>
<trkpt lat="51.473763" lon="-2.379035"><ele>114.7</ele></trkpt>
<trkpt lat="51.473494" lon="-2.379111"><ele>116.1</ele></trkpt>
<trkpt lat="51.472093" lon="-2.378991"><ele>121.0</ele></trkpt>
<trkpt lat="51.471989" lon="-2.379074"><ele>120.7</ele></trkpt>
<trkpt lat="51.471566" lon="-2.379039"><ele>126.6</ele></trkpt>
<trkpt lat="51.471041" lon="-2.379156"><ele>140.4</ele></trkpt>
<trkpt lat="51.470674" lon="-2.379131"><ele>142.4</ele></trkpt>
<trkpt lat="51.469984" lon="-2.378951"><ele>135.3</ele></trkpt>
<trkpt lat="51.469211" lon="-2.378663"><ele>126.3</ele></trkpt>
<trkpt lat="51.468313" lon="-2.378579"><ele>121.5</ele></trkpt>
<trkpt lat="51.468098" lon="-2.378641"><ele>121.0</ele></trkpt>
<trkpt lat="51.467768" lon="-2.378708"><ele>120.6</ele></trkpt>
<trkpt lat="51.467344" lon="-2.378804"><ele>126.1</ele></trkpt>
<trkpt lat="51.466774" lon="-2.379161"><ele>136.4</ele></trkpt>
<trkpt lat="51.466004" lon="-2.379113"><ele>153.5</ele></trkpt>
<trkpt lat="51.465659" lon="-2.378779"><ele>166.7</ele></trkpt>
<trkpt lat="51.465322" lon="-2.378529"><ele>178.7</ele></trkpt>
<trkpt lat="51.464775" lon="-2.378401"><ele>186.8</ele></trkpt>
<trkpt lat="51.464398" lon="-2.378274"><ele>191.8</ele></trkpt>
<trkpt lat="51.464024" lon="-2.378279"><ele>194.8</ele></trkpt>
<trkpt lat="51.463998" lon="-2.378143"><ele>195.0</ele></trkpt>
<trkpt lat="51.463942" lon="-2.378080"><ele>195.1</ele></trkpt>
<trkpt lat="51.463714" lon="-2.377823"><ele>195.4</ele></trkpt>
<trkpt lat="51.463484" lon="-2.377649"><ele>195.6</ele></trkpt>
<trkpt lat="51.463240" lon="-2.377428"><ele>196.2</ele></trkpt>
<trkpt lat="51.462983" lon="-2.377093"><ele>197.6</ele></trkpt>
<trkpt lat="51.461692" lon="-2.375248"><ele>204.2</ele></trkpt>
<trkpt lat="51.461651" lon="-2.375189"><ele>204.1</ele></trkpt>
<trkpt lat="51.461602" lon="-2.375143"><ele>204.0</ele></trkpt>
<trkpt lat="51.461581" lon="-2.375083"><ele>204.0</ele></trkpt>
<trkpt lat="51.462215" lon="-2.374144"><ele>203.6</ele></trkpt>
<trkpt lat="51.462234" lon="-2.374096"><ele>203.6</ele></trkpt>
<trkpt lat="51.460175" lon="-2.371554"><ele>198.5</ele></trkpt>
<trkpt lat="51.460062" lon="-2.371415"><ele>198.3</ele></trkpt>
<trkpt lat="51.459287" lon="-2.370903"><ele>196.9</ele></trkpt>
<trkpt lat="51.458699" lon="-2.370503"><ele>195.8</ele></trkpt>
<trkpt lat="51.458335" lon="-2.370216"><ele>195.0</ele></trkpt>
<trkpt lat="51.458319" lon="-2.370198"><ele>195.0</ele></trkpt>
<trkpt lat="51.457962" lon="-2.369864"><ele>193.7</ele></trkpt>
<trkpt lat="51.457781" lon="-2.369670"><ele>192.8</ele></trkpt>
<trkpt lat="51.457778" lon="-2.369570"><ele>192.6</ele></trkpt>
<trkpt lat="51.457784" lon="-2.369476"><ele>192.3</ele></trkpt>
<trkpt lat="51.457775" lon="-2.369441"><ele>192.2</ele></trkpt>
<trkpt lat="51.455728" lon="-2.366903"><ele>193.2</ele></trkpt>
<trkpt lat="51.455293" lon="-2.366501"><ele>197.3</ele></trkpt>
<trkpt lat="51.455124" lon="-2.366344"><ele>198.4</ele></trkpt>
<trkpt lat="51.454825" lon="-2.362804"><ele>203.2</ele></trkpt>
<trkpt lat="51.454824" lon="-2.362770"><ele>203.3</ele></trkpt>
<trkpt lat="51.454800" lon="-2.362753"><ele>203.3</ele></trkpt>
<trkpt lat="51.454828" lon="-2.362588"><ele>203.3</ele></trkpt>
<trkpt lat="51.455027" lon="-2.361769"><ele>202.5</ele></trkpt>
<trkpt lat="51.455044" lon="-2.361670"><ele>202.3</ele></trkpt>
<trkpt lat="51.455145" lon="-2.361237"><ele>202.3</ele></trkpt>
<trkpt lat="51.455111" lon="-2.361214"><ele>202.4</ele></trkpt>
<trkpt lat="51.455050" lon="-2.361178"><ele>202.5</ele></trkpt>
<trkpt lat="51.453289" lon="-2.360169"><ele>210.5</ele></trkpt>
<trkpt lat="51.453269" lon="-2.360089"><ele>210.7</ele></trkpt>
<trkpt lat="51.452756" lon="-2.359679"><ele>210.4</ele></trkpt>
<trkpt lat="51.452297" lon="-2.359414"><ele>204.4</ele></trkpt>
<trkpt lat="51.452152" lon="-2.360014"><ele>204.4</ele></trkpt>
<trkpt lat="51.451800" lon="-2.361407"><ele>207.0</ele></trkpt>
<trkpt lat="51.451591" lon="-2.362062"><ele>208.5</ele></trkpt>
<trkpt lat="51.451566" lon="-2.362163"><ele>208.7</ele></trkpt>
<trkpt lat="51.451556" lon="-2.362203"><ele>208.8</ele></trkpt>
<trkpt lat="51.451529" lon="-2.362451"><ele>209.5</ele></trkpt>
<trkpt lat="51.451528" lon="-2.362747"><ele>210.4</ele></trkpt>
<trkpt lat="51.451553" lon="-2.362850"><ele>210.6</ele></trkpt>
<trkpt lat="51.451643" lon="-2.363160"><ele>211.3</ele></trkpt>
<trkpt lat="51.451680" lon="-2.363418"><ele>211.7</ele></trkpt>
<trkpt lat="51.451686" lon="-2.363696"><ele>212.2</ele></trkpt>
<trkpt lat="51.451664" lon="-2.363926"><ele>212.6</ele></trkpt>
<trkpt lat="51.451662" lon="-2.363955"><ele>212.6</ele></trkpt>
<trkpt lat="51.451644" lon="-2.364077"><ele>212.8</ele></trkpt>
<trkpt lat="51.451560" lon="-2.364633"><ele>213.3</ele></trkpt>
<trkpt lat="51.451497" lon="-2.364934"><ele>213.2</ele></trkpt>
<trkpt lat="51.451442" lon="-2.365264"><ele>212.9</ele></trkpt>
<trkpt lat="51.451354" lon="-2.366030"><ele>212.2</ele></trkpt>
<trkpt lat="51.451312" lon="-2.366282"><ele>211.9</ele></trkpt>
<trkpt lat="51.451282" lon="-2.366298"><ele>211.8</ele></trkpt>
<trkpt lat="51.451253" lon="-2.366339"><ele>211.8</ele></trkpt>
<trkpt lat="51.451227" lon="-2.366472"><ele>211.4</ele></trkpt>
<trkpt lat="51.450972" lon="-2.367715"><ele>205.7</ele></trkpt>
<trkpt lat="51.450944" lon="-2.367807"><ele>205.2</ele></trkpt>
<trkpt lat="51.450928" lon="-2.367861"><ele>205.0</ele></trkpt>
<trkpt lat="51.450968" lon="-2.367902"><ele>204.6</ele></trkpt>
<trkpt lat="51.450951" lon="-2.367946"><ele>204.4</ele></trkpt>
<trkpt lat="51.450902" lon="-2.368088"><ele>203.8</ele></trkpt>
<trkpt lat="51.450787" lon="-2.368468"><ele>202.6</ele></trkpt>
<trkpt lat="51.450648" lon="-2.369031"><ele>202.3</ele></trkpt>
<trkpt lat="51.450478" lon="-2.370025"><ele>203.1</ele></trkpt>
<trkpt lat="51.450289" lon="-2.371331"><ele>205.5</ele></trkpt>
<trkpt lat="51.450234" lon="-2.371924"><ele>205.6</ele></trkpt>
<trkpt lat="51.450196" lon="-2.372404"><ele>205.6</ele></trkpt>
<trkpt lat="51.450179" lon="-2.372527"><ele>205.6</ele></trkpt>
<trkpt lat="51.450151" lon="-2.372636"><ele>205.6</ele></trkpt>
<trkpt lat="51.450122" lon="-2.372741"><ele>205.6</ele></trkpt>
<trkpt lat="51.450082" lon="-2.372833"><ele>205.5</ele></trkpt>
<trkpt lat="51.450020" lon="-2.372919"><ele>205.5</ele></trkpt>
<trkpt lat="51.449791" lon="-2.373141"><ele>205.1</ele></trkpt>
<trkpt lat="51.449698" lon="-2.373266"><ele>204.8</ele></trkpt>
<trkpt lat="51.449636" lon="-2.373406"><ele>204.6</ele></trkpt>
<trkpt lat="51.449492" lon="-2.373790"><ele>204.1</ele></trkpt>
<trkpt lat="51.449201" lon="-2.374474"><ele>203.5</ele></trkpt>
<trkpt lat="51.448922" lon="-2.375085"><ele>203.2</ele></trkpt>
<trkpt lat="51.448421" lon="-2.376064"><ele>199.5</ele></trkpt>
<trkpt lat="51.448335" lon="-2.376194"><ele>198.7</ele></trkpt>
<trkpt lat="51.448222" lon="-2.376316"><ele>197.4</ele></trkpt>
<trkpt lat="51.448136" lon="-2.376368"><ele>196.6</ele></trkpt>
<trkpt lat="51.447820" lon="-2.376522"><ele>192.9</ele></trkpt>
<trkpt lat="51.447608" lon="-2.376644"><ele>190.3</ele></trkpt>
<trkpt lat="51.447497" lon="-2.376719"><ele>188.9</ele></trkpt>
<trkpt lat="51.447422" lon="-2.376799"><ele>187.8</ele></trkpt>
<trkpt lat="51.447167" lon="-2.377217"><ele>184.8</ele></trkpt>
<trkpt lat="51.446749" lon="-2.377766"><ele>181.0</ele></trkpt>
<trkpt lat="51.446340" lon="-2.378204"><ele>175.1</ele></trkpt>
<trkpt lat="51.446293" lon="-2.378242"><ele>174.4</ele></trkpt>
<trkpt lat="51.446235" lon="-2.378238"><ele>173.7</ele></trkpt>
<trkpt lat="51.446197" lon="-2.378229"><ele>173.2</ele></trkpt>
<trkpt lat="51.446031" lon="-2.378189"><ele>171.0</ele></trkpt>
<trkpt lat="51.445835" lon="-2.378171"><ele>168.6</ele></trkpt>
<trkpt lat="51.445522" lon="-2.378222"><ele>164.3</ele></trkpt>
<trkpt lat="51.445078" lon="-2.378339"><ele>157.8</ele></trkpt>
<trkpt lat="51.444896" lon="-2.378449"><ele>154.8</ele></trkpt>
<trkpt lat="51.444686" lon="-2.378477"><ele>151.3</ele></trkpt>
<trkpt lat="51.444461" lon="-2.378501"><ele>147.3</ele></trkpt>
<trkpt lat="51.444300" lon="-2.378565"><ele>143.9</ele></trkpt>
<trkpt lat="51.443876" lon="-2.378725"><ele>134.9</ele></trkpt>
<trkpt lat="51.443829" lon="-2.378744"><ele>134.1</ele></trkpt>
<trkpt lat="51.443790" lon="-2.378786"><ele>133.2</ele></trkpt>
<trkpt lat="51.443756" lon="-2.378849"><ele>132.3</ele></trkpt>
<trkpt lat="51.443648" lon="-2.379086"><ele>129.4</ele></trkpt>
<trkpt lat="51.443615" lon="-2.379132"><ele>128.7</ele></trkpt>
<trkpt lat="51.443576" lon="-2.379170"><ele>128.0</ele></trkpt>
<trkpt lat="51.443238" lon="-2.379344"><ele>123.2</ele></trkpt>
<trkpt lat="51.443121" lon="-2.379436"><ele>121.9</ele></trkpt>
<trkpt lat="51.443027" lon="-2.379564"><ele>120.6</ele></trkpt>
<trkpt lat="51.442897" lon="-2.379701"><ele>119.2</ele></trkpt>
<trkpt lat="51.442800" lon="-2.379852"><ele>118.1</ele></trkpt>
<trkpt lat="51.442757" lon="-2.379922"><ele>117.9</ele></trkpt>
<trkpt lat="51.442708" lon="-2.379991"><ele>117.6</ele></trkpt>
<trkpt lat="51.442580" lon="-2.380154"><ele>117.0</ele></trkpt>
<trkpt lat="51.441645" lon="-2.380599"><ele>115.8</ele></trkpt>
<trkpt lat="51.440472" lon="-2.381321"><ele>108.9</ele></trkpt>
<trkpt lat="51.439386" lon="-2.381707"><ele>109.1</ele></trkpt>
<trkpt lat="51.438853" lon="-2.381989"><ele>107.3</ele></trkpt>
<trkpt lat="51.438737" lon="-2.382099"><ele>107.0</ele></trkpt>
<trkpt lat="51.438328" lon="-2.382488"><ele>107.1</ele></trkpt>
<trkpt lat="51.437913" lon="-2.382898"><ele>106.8</ele></trkpt>
<trkpt lat="51.437409" lon="-2.383339"><ele>105.0</ele></trkpt>
<trkpt lat="51.437205" lon="-2.383755"><ele>103.9</ele></trkpt>
<trkpt lat="51.437002" lon="-2.383580"><ele>102.3</ele></trkpt>
<trkpt lat="51.436917" lon="-2.383543"><ele>101.8</ele></trkpt>
<trkpt lat="51.436841" lon="-2.383544"><ele>101.5</ele></trkpt>
<trkpt lat="51.436713" lon="-2.383507"><ele>100.9</ele></trkpt>
<trkpt lat="51.436600" lon="-2.383446"><ele>100.5</ele></trkpt>
<trkpt lat="51.436466" lon="-2.383386"><ele>100.0</ele></trkpt>
<trkpt lat="51.436186" lon="-2.383304"><ele>99.2</ele></trkpt>
<trkpt lat="51.436149" lon="-2.383297"><ele>99.1</ele></trkpt>
<trkpt lat="51.436124" lon="-2.383291"><ele>99.1</ele></trkpt>
<trkpt lat="51.435136" lon="-2.384574"><ele>105.5</ele></trkpt>
<trkpt lat="51.433890" lon="-2.385863"><ele>131.0</ele></trkpt>
<trkpt lat="51.433854" lon="-2.385883"><ele>131.6</ele></trkpt>
<trkpt lat="51.433466" lon="-2.386566"><ele>140.1</ele></trkpt>
<trkpt lat="51.431944" lon="-2.388670"><ele>171.0</ele></trkpt>
<trkpt lat="51.431919" lon="-2.388692"><ele>171.4</ele></trkpt>
<trkpt lat="51.431291" lon="-2.389824"><ele>183.0</ele></trkpt>
<trkpt lat="51.431259" lon="-2.389857"><ele>183.4</ele></trkpt>
<trkpt lat="51.431225" lon="-2.389892"><ele>183.7</ele></trkpt>
<trkpt lat="51.431232" lon="-2.389987"><ele>184.2</ele></trkpt>
<trkpt lat="51.431219" lon="-2.390363"><ele>186.2</ele></trkpt>
<trkpt lat="51.431186" lon="-2.390570"><ele>187.8</ele></trkpt>
<trkpt lat="51.431137" lon="-2.390784"><ele>189.5</ele></trkpt>
<trkpt lat="51.431060" lon="-2.391024"><ele>191.2</ele></trkpt>
<trkpt lat="51.430983" lon="-2.391179"><ele>192.6</ele></trkpt>
<trkpt lat="51.430872" lon="-2.391336"><ele>194.2</ele></trkpt>
<trkpt lat="51.430633" lon="-2.391587"><ele>197.0</ele></trkpt>
<trkpt lat="51.430507" lon="-2.391746"><ele>198.1</ele></trkpt>
<trkpt lat="51.430219" lon="-2.392148"><ele>198.2</ele></trkpt>
<trkpt lat="51.430128" lon="-2.392309"><ele>198.2</ele></trkpt>
<trkpt lat="51.430035" lon="-2.392528"><ele>198.3</ele></trkpt>
<trkpt lat="51.429890" lon="-2.393014"><ele>199.4</ele></trkpt>
<trkpt lat="51.429850" lon="-2.393226"><ele>199.8</ele></trkpt>
</trkseg></trk>
<trk><name>Cotswold Way Day 4 — Lansdown to Bath</name><desc>7.9 mi, +180 m / -345 m. Lansdown ridge, Prospect Stile, Royal Crescent, Bath Abbey.</desc><trkseg>
<trkpt lat="51.429766" lon="-2.394564"><ele>204.8</ele></trkpt>
<trkpt lat="51.429727" lon="-2.395010"><ele>206.7</ele></trkpt>
<trkpt lat="51.429707" lon="-2.395386"><ele>207.9</ele></trkpt>
<trkpt lat="51.429678" lon="-2.395513"><ele>208.2</ele></trkpt>
<trkpt lat="51.429636" lon="-2.395662"><ele>208.6</ele></trkpt>
<trkpt lat="51.429636" lon="-2.395872"><ele>209.0</ele></trkpt>
<trkpt lat="51.429694" lon="-2.396301"><ele>211.1</ele></trkpt>
<trkpt lat="51.429780" lon="-2.396522"><ele>212.9</ele></trkpt>
<trkpt lat="51.429815" lon="-2.396624"><ele>213.6</ele></trkpt>
<trkpt lat="51.429828" lon="-2.396736"><ele>214.3</ele></trkpt>
<trkpt lat="51.429831" lon="-2.396889"><ele>215.0</ele></trkpt>
<trkpt lat="51.429825" lon="-2.396990"><ele>215.4</ele></trkpt>
<trkpt lat="51.429858" lon="-2.397151"><ele>216.4</ele></trkpt>
<trkpt lat="51.429872" lon="-2.397166"><ele>216.7</ele></trkpt>
<trkpt lat="51.431128" lon="-2.397910"><ele>223.4</ele></trkpt>
<trkpt lat="51.431409" lon="-2.397950"><ele>221.2</ele></trkpt>
<trkpt lat="51.431482" lon="-2.397981"><ele>220.6</ele></trkpt>
<trkpt lat="51.431555" lon="-2.398044"><ele>219.9</ele></trkpt>
<trkpt lat="51.431668" lon="-2.398213"><ele>218.9</ele></trkpt>
<trkpt lat="51.431790" lon="-2.398349"><ele>217.9</ele></trkpt>
<trkpt lat="51.431874" lon="-2.398474"><ele>217.4</ele></trkpt>
<trkpt lat="51.431915" lon="-2.398652"><ele>217.0</ele></trkpt>
<trkpt lat="51.432012" lon="-2.398883"><ele>216.5</ele></trkpt>
<trkpt lat="51.432054" lon="-2.399014"><ele>216.4</ele></trkpt>
<trkpt lat="51.432055" lon="-2.399106"><ele>216.3</ele></trkpt>
<trkpt lat="51.432040" lon="-2.399281"><ele>216.7</ele></trkpt>
<trkpt lat="51.431987" lon="-2.399490"><ele>217.3</ele></trkpt>
<trkpt lat="51.431917" lon="-2.399771"><ele>218.2</ele></trkpt>
<trkpt lat="51.431879" lon="-2.400110"><ele>219.0</ele></trkpt>
<trkpt lat="51.431809" lon="-2.400632"><ele>220.0</ele></trkpt>
<trkpt lat="51.431746" lon="-2.400992"><ele>221.4</ele></trkpt>
<trkpt lat="51.431688" lon="-2.401075"><ele>222.1</ele></trkpt>
<trkpt lat="51.431548" lon="-2.401206"><ele>223.9</ele></trkpt>
<trkpt lat="51.431455" lon="-2.401243"><ele>225.0</ele></trkpt>
<trkpt lat="51.431279" lon="-2.401472"><ele>227.3</ele></trkpt>
<trkpt lat="51.431164" lon="-2.401584"><ele>228.4</ele></trkpt>
<trkpt lat="51.430968" lon="-2.401778"><ele>229.0</ele></trkpt>
<trkpt lat="51.430728" lon="-2.402067"><ele>229.6</ele></trkpt>
<trkpt lat="51.430514" lon="-2.402349"><ele>230.1</ele></trkpt>
<trkpt lat="51.430247" lon="-2.402582"><ele>230.5</ele></trkpt>
<trkpt lat="51.430144" lon="-2.402666"><ele>230.5</ele></trkpt>
<trkpt lat="51.429973" lon="-2.402733"><ele>230.7</ele></trkpt>
<trkpt lat="51.429955" lon="-2.402915"><ele>231.0</ele></trkpt>
<trkpt lat="51.429963" lon="-2.403055"><ele>231.2</ele></trkpt>
<trkpt lat="51.429991" lon="-2.403140"><ele>231.3</ele></trkpt>
<trkpt lat="51.430034" lon="-2.403219"><ele>231.4</ele></trkpt>
<trkpt lat="51.430071" lon="-2.403288"><ele>231.5</ele></trkpt>
<trkpt lat="51.430765" lon="-2.403065"><ele>231.3</ele></trkpt>
<trkpt lat="51.430799" lon="-2.403062"><ele>231.3</ele></trkpt>
<trkpt lat="51.430858" lon="-2.403075"><ele>231.3</ele></trkpt>
<trkpt lat="51.430897" lon="-2.403123"><ele>231.3</ele></trkpt>
<trkpt lat="51.430923" lon="-2.403203"><ele>231.3</ele></trkpt>
<trkpt lat="51.430928" lon="-2.403279"><ele>231.4</ele></trkpt>
<trkpt lat="51.430924" lon="-2.403376"><ele>231.6</ele></trkpt>
<trkpt lat="51.430980" lon="-2.403401"><ele>231.8</ele></trkpt>
<trkpt lat="51.430999" lon="-2.403463"><ele>231.9</ele></trkpt>
<trkpt lat="51.430981" lon="-2.403606"><ele>232.3</ele></trkpt>
<trkpt lat="51.430948" lon="-2.403861"><ele>232.9</ele></trkpt>
<trkpt lat="51.430869" lon="-2.406253"><ele>237.2</ele></trkpt>
<trkpt lat="51.430962" lon="-2.407721"><ele>235.4</ele></trkpt>
<trkpt lat="51.430963" lon="-2.407813"><ele>235.1</ele></trkpt>
<trkpt lat="51.430937" lon="-2.407885"><ele>234.7</ele></trkpt>
<trkpt lat="51.430925" lon="-2.407932"><ele>234.5</ele></trkpt>
<trkpt lat="51.430955" lon="-2.407995"><ele>234.1</ele></trkpt>
<trkpt lat="51.430978" lon="-2.408103"><ele>233.5</ele></trkpt>
<trkpt lat="51.430988" lon="-2.408252"><ele>232.8</ele></trkpt>
<trkpt lat="51.430994" lon="-2.408642"><ele>231.0</ele></trkpt>
<trkpt lat="51.430878" lon="-2.408998"><ele>230.3</ele></trkpt>
<trkpt lat="51.430724" lon="-2.409559"><ele>228.1</ele></trkpt>
<trkpt lat="51.430656" lon="-2.409918"><ele>225.8</ele></trkpt>
<trkpt lat="51.430648" lon="-2.410327"><ele>222.7</ele></trkpt>
<trkpt lat="51.430569" lon="-2.410708"><ele>220.8</ele></trkpt>
<trkpt lat="51.430460" lon="-2.411072"><ele>220.4</ele></trkpt>
<trkpt lat="51.430328" lon="-2.411374"><ele>221.9</ele></trkpt>
<trkpt lat="51.430070" lon="-2.412450"><ele>229.8</ele></trkpt>
<trkpt lat="51.429983" lon="-2.413398"><ele>233.1</ele></trkpt>
<trkpt lat="51.429899" lon="-2.414291"><ele>227.8</ele></trkpt>
<trkpt lat="51.429785" lon="-2.414946"><ele>223.4</ele></trkpt>
<trkpt lat="51.429763" lon="-2.414927"><ele>223.5</ele></trkpt>
<trkpt lat="51.428641" lon="-2.412481"><ele>231.5</ele></trkpt>
<trkpt lat="51.428239" lon="-2.411812"><ele>229.6</ele></trkpt>
<trkpt lat="51.428162" lon="-2.411775"><ele>229.3</ele></trkpt>
<trkpt lat="51.428097" lon="-2.411730"><ele>228.9</ele></trkpt>
<trkpt lat="51.427831" lon="-2.411400"><ele>226.5</ele></trkpt>
<trkpt lat="51.427770" lon="-2.411339"><ele>225.9</ele></trkpt>
<trkpt lat="51.427720" lon="-2.411316"><ele>225.4</ele></trkpt>
<trkpt lat="51.427642" lon="-2.411284"><ele>224.8</ele></trkpt>
<trkpt lat="51.427264" lon="-2.411029"><ele>222.8</ele></trkpt>
<trkpt lat="51.427248" lon="-2.411012"><ele>222.8</ele></trkpt>
<trkpt lat="51.427217" lon="-2.410888"><ele>222.8</ele></trkpt>
<trkpt lat="51.427180" lon="-2.410854"><ele>223.1</ele></trkpt>
<trkpt lat="51.427157" lon="-2.410671"><ele>223.9</ele></trkpt>
<trkpt lat="51.427081" lon="-2.410327"><ele>225.6</ele></trkpt>
<trkpt lat="51.426948" lon="-2.409790"><ele>228.1</ele></trkpt>
<trkpt lat="51.426813" lon="-2.409474"><ele>229.2</ele></trkpt>
<trkpt lat="51.426795" lon="-2.409447"><ele>229.3</ele></trkpt>
<trkpt lat="51.424969" lon="-2.407289"><ele>235.8</ele></trkpt>
<trkpt lat="51.423469" lon="-2.405418"><ele>233.8</ele></trkpt>
<trkpt lat="51.423444" lon="-2.405395"><ele>233.7</ele></trkpt>
<trkpt lat="51.423420" lon="-2.405444"><ele>233.5</ele></trkpt>
<trkpt lat="51.423397" lon="-2.405483"><ele>233.4</ele></trkpt>
<trkpt lat="51.423343" lon="-2.406067"><ele>232.2</ele></trkpt>
<trkpt lat="51.423290" lon="-2.406457"><ele>231.5</ele></trkpt>
<trkpt lat="51.423174" lon="-2.407075"><ele>229.6</ele></trkpt>
<trkpt lat="51.423093" lon="-2.407586"><ele>228.0</ele></trkpt>
<trkpt lat="51.423030" lon="-2.407872"><ele>227.0</ele></trkpt>
<trkpt lat="51.422969" lon="-2.408080"><ele>226.1</ele></trkpt>
<trkpt lat="51.422851" lon="-2.408175"><ele>226.0</ele></trkpt>
<trkpt lat="51.422794" lon="-2.408246"><ele>226.2</ele></trkpt>
<trkpt lat="51.422381" lon="-2.408614"><ele>227.7</ele></trkpt>
<trkpt lat="51.422118" lon="-2.408885"><ele>228.7</ele></trkpt>
<trkpt lat="51.422061" lon="-2.408956"><ele>228.9</ele></trkpt>
<trkpt lat="51.421842" lon="-2.409247"><ele>229.5</ele></trkpt>
<trkpt lat="51.421750" lon="-2.409430"><ele>229.9</ele></trkpt>
<trkpt lat="51.421655" lon="-2.409634"><ele>230.5</ele></trkpt>
<trkpt lat="51.421476" lon="-2.410137"><ele>230.6</ele></trkpt>
<trkpt lat="51.421408" lon="-2.410401"><ele>230.6</ele></trkpt>
<trkpt lat="51.421339" lon="-2.410759"><ele>230.1</ele></trkpt>
<trkpt lat="51.421168" lon="-2.411797"><ele>227.4</ele></trkpt>
<trkpt lat="51.421029" lon="-2.412954"><ele>223.7</ele></trkpt>
<trkpt lat="51.421000" lon="-2.413556"><ele>222.5</ele></trkpt>
<trkpt lat="51.421013" lon="-2.414254"><ele>220.9</ele></trkpt>
<trkpt lat="51.420997" lon="-2.414632"><ele>219.9</ele></trkpt>
<trkpt lat="51.420967" lon="-2.415002"><ele>219.6</ele></trkpt>
<trkpt lat="51.420883" lon="-2.415421"><ele>219.1</ele></trkpt>
<trkpt lat="51.420871" lon="-2.415490"><ele>219.0</ele></trkpt>
<trkpt lat="51.420779" lon="-2.416020"><ele>217.4</ele></trkpt>
<trkpt lat="51.420678" lon="-2.416672"><ele>214.5</ele></trkpt>
<trkpt lat="51.420666" lon="-2.416890"><ele>212.7</ele></trkpt>
<trkpt lat="51.420708" lon="-2.417328"><ele>208.3</ele></trkpt>
<trkpt lat="51.420712" lon="-2.417472"><ele>206.9</ele></trkpt>
<trkpt lat="51.420697" lon="-2.417679"><ele>205.2</ele></trkpt>
<trkpt lat="51.420645" lon="-2.417864"><ele>204.8</ele></trkpt>
<trkpt lat="51.420351" lon="-2.418549"><ele>204.8</ele></trkpt>
<trkpt lat="51.420170" lon="-2.419003"><ele>205.2</ele></trkpt>
<trkpt lat="51.420100" lon="-2.419177"><ele>205.4</ele></trkpt>
<trkpt lat="51.419968" lon="-2.419386"><ele>205.7</ele></trkpt>
<trkpt lat="51.419667" lon="-2.420204"><ele>204.9</ele></trkpt>
<trkpt lat="51.419356" lon="-2.420984"><ele>204.9</ele></trkpt>
<trkpt lat="51.419072" lon="-2.421620"><ele>204.8</ele></trkpt>
<trkpt lat="51.418593" lon="-2.422393"><ele>203.4</ele></trkpt>
<trkpt lat="51.418469" lon="-2.422536"><ele>203.1</ele></trkpt>
<trkpt lat="51.418408" lon="-2.422591"><ele>203.5</ele></trkpt>
<trkpt lat="51.418353" lon="-2.422604"><ele>203.8</ele></trkpt>
<trkpt lat="51.418372" lon="-2.422076"><ele>207.9</ele></trkpt>
<trkpt lat="51.418345" lon="-2.421877"><ele>209.7</ele></trkpt>
<trkpt lat="51.418309" lon="-2.421781"><ele>210.6</ele></trkpt>
<trkpt lat="51.418320" lon="-2.421756"><ele>210.9</ele></trkpt>
<trkpt lat="51.418323" lon="-2.421732"><ele>211.1</ele></trkpt>
<trkpt lat="51.418300" lon="-2.421518"><ele>212.8</ele></trkpt>
<trkpt lat="51.418316" lon="-2.418144"><ele>228.0</ele></trkpt>
<trkpt lat="51.418306" lon="-2.417994"><ele>228.2</ele></trkpt>
<trkpt lat="51.418301" lon="-2.417925"><ele>228.4</ele></trkpt>
<trkpt lat="51.418273" lon="-2.417873"><ele>228.5</ele></trkpt>
<trkpt lat="51.418230" lon="-2.417830"><ele>228.7</ele></trkpt>
<trkpt lat="51.418178" lon="-2.417807"><ele>228.8</ele></trkpt>
<trkpt lat="51.418073" lon="-2.417819"><ele>228.8</ele></trkpt>
<trkpt lat="51.417805" lon="-2.417928"><ele>228.9</ele></trkpt>
<trkpt lat="51.417517" lon="-2.418074"><ele>228.7</ele></trkpt>
<trkpt lat="51.417291" lon="-2.418263"><ele>228.4</ele></trkpt>
<trkpt lat="51.416885" lon="-2.418799"><ele>228.3</ele></trkpt>
<trkpt lat="51.416808" lon="-2.418852"><ele>228.3</ele></trkpt>
<trkpt lat="51.416716" lon="-2.418829"><ele>228.4</ele></trkpt>
<trkpt lat="51.416654" lon="-2.418782"><ele>228.5</ele></trkpt>
<trkpt lat="51.416306" lon="-2.418074"><ele>229.5</ele></trkpt>
<trkpt lat="51.415792" lon="-2.417319"><ele>227.5</ele></trkpt>
<trkpt lat="51.415418" lon="-2.416915"><ele>226.7</ele></trkpt>
<trkpt lat="51.415281" lon="-2.416703"><ele>227.0</ele></trkpt>
<trkpt lat="51.415068" lon="-2.416479"><ele>227.9</ele></trkpt>
<trkpt lat="51.415043" lon="-2.416433"><ele>228.1</ele></trkpt>
<trkpt lat="51.415015" lon="-2.416324"><ele>228.5</ele></trkpt>
<trkpt lat="51.414826" lon="-2.415929"><ele>229.4</ele></trkpt>
<trkpt lat="51.414568" lon="-2.415598"><ele>229.5</ele></trkpt>
<trkpt lat="51.414229" lon="-2.415087"><ele>229.3</ele></trkpt>
<trkpt lat="51.414158" lon="-2.415013"><ele>229.3</ele></trkpt>
<trkpt lat="51.413794" lon="-2.414800"><ele>229.0</ele></trkpt>
<trkpt lat="51.413636" lon="-2.414662"><ele>228.4</ele></trkpt>
<trkpt lat="51.413135" lon="-2.414027"><ele>223.4</ele></trkpt>
<trkpt lat="51.413057" lon="-2.413984"><ele>222.4</ele></trkpt>
<trkpt lat="51.413044" lon="-2.414010"><ele>222.2</ele></trkpt>
<trkpt lat="51.413032" lon="-2.414032"><ele>222.0</ele></trkpt>
<trkpt lat="51.413025" lon="-2.414033"><ele>222.0</ele></trkpt>
<trkpt lat="51.413007" lon="-2.414028"><ele>221.8</ele></trkpt>
<trkpt lat="51.412988" lon="-2.414010"><ele>221.6</ele></trkpt>
<trkpt lat="51.412965" lon="-2.413966"><ele>221.2</ele></trkpt>
<trkpt lat="51.412935" lon="-2.413841"><ele>220.4</ele></trkpt>
<trkpt lat="51.412925" lon="-2.413780"><ele>220.0</ele></trkpt>
<trkpt lat="51.412935" lon="-2.413712"><ele>219.9</ele></trkpt>
<trkpt lat="51.412967" lon="-2.413655"><ele>220.3</ele></trkpt>
<trkpt lat="51.413044" lon="-2.413547"><ele>221.1</ele></trkpt>
<trkpt lat="51.413106" lon="-2.413479"><ele>221.7</ele></trkpt>
<trkpt lat="51.413169" lon="-2.413371"><ele>222.0</ele></trkpt>
<trkpt lat="51.413188" lon="-2.413276"><ele>222.1</ele></trkpt>
<trkpt lat="51.413191" lon="-2.413148"><ele>222.3</ele></trkpt>
<trkpt lat="51.413187" lon="-2.413070"><ele>222.4</ele></trkpt>
<trkpt lat="51.413155" lon="-2.412962"><ele>221.5</ele></trkpt>
<trkpt lat="51.413142" lon="-2.412945"><ele>221.2</ele></trkpt>
<trkpt lat="51.413122" lon="-2.412939"><ele>220.9</ele></trkpt>
<trkpt lat="51.413098" lon="-2.412943"><ele>220.6</ele></trkpt>
<trkpt lat="51.412850" lon="-2.413002"><ele>216.4</ele></trkpt>
<trkpt lat="51.412414" lon="-2.413165"><ele>208.4</ele></trkpt>
<trkpt lat="51.412349" lon="-2.413178"><ele>207.3</ele></trkpt>
<trkpt lat="51.412313" lon="-2.413155"><ele>206.7</ele></trkpt>
<trkpt lat="51.412267" lon="-2.413064"><ele>205.4</ele></trkpt>
<trkpt lat="51.412235" lon="-2.413030"><ele>204.8</ele></trkpt>
<trkpt lat="51.412190" lon="-2.413029"><ele>204.0</ele></trkpt>
<trkpt lat="51.411995" lon="-2.413215"><ele>202.2</ele></trkpt>
<trkpt lat="51.411807" lon="-2.413515"><ele>200.7</ele></trkpt>
<trkpt lat="51.411625" lon="-2.413846"><ele>199.9</ele></trkpt>
<trkpt lat="51.411493" lon="-2.414070"><ele>199.0</ele></trkpt>
<trkpt lat="51.411414" lon="-2.414207"><ele>198.4</ele></trkpt>
<trkpt lat="51.411280" lon="-2.414368"><ele>197.0</ele></trkpt>
<trkpt lat="51.411229" lon="-2.414416"><ele>196.4</ele></trkpt>
<trkpt lat="51.411130" lon="-2.414504"><ele>195.4</ele></trkpt>
<trkpt lat="51.410868" lon="-2.414700"><ele>193.0</ele></trkpt>
<trkpt lat="51.410794" lon="-2.414747"><ele>192.5</ele></trkpt>
<trkpt lat="51.410735" lon="-2.414779"><ele>192.1</ele></trkpt>
<trkpt lat="51.410719" lon="-2.414787"><ele>192.0</ele></trkpt>
<trkpt lat="51.410706" lon="-2.414759"><ele>191.8</ele></trkpt>
<trkpt lat="51.410692" lon="-2.414730"><ele>191.7</ele></trkpt>
<trkpt lat="51.410678" lon="-2.414705"><ele>191.6</ele></trkpt>
<trkpt lat="51.410665" lon="-2.414702"><ele>191.6</ele></trkpt>
<trkpt lat="51.410641" lon="-2.414721"><ele>191.5</ele></trkpt>
<trkpt lat="51.410535" lon="-2.414812"><ele>191.0</ele></trkpt>
<trkpt lat="51.410362" lon="-2.414919"><ele>190.3</ele></trkpt>
<trkpt lat="51.410188" lon="-2.415007"><ele>189.7</ele></trkpt>
<trkpt lat="51.409888" lon="-2.415144"><ele>189.1</ele></trkpt>
<trkpt lat="51.409773" lon="-2.415210"><ele>188.9</ele></trkpt>
<trkpt lat="51.409313" lon="-2.415571"><ele>188.6</ele></trkpt>
<trkpt lat="51.409078" lon="-2.415728"><ele>188.9</ele></trkpt>
<trkpt lat="51.408924" lon="-2.415841"><ele>189.2</ele></trkpt>
<trkpt lat="51.408417" lon="-2.416094"><ele>190.0</ele></trkpt>
<trkpt lat="51.408237" lon="-2.416200"><ele>190.4</ele></trkpt>
<trkpt lat="51.408152" lon="-2.416260"><ele>190.7</ele></trkpt>
<trkpt lat="51.408056" lon="-2.416311"><ele>191.1</ele></trkpt>
<trkpt lat="51.407899" lon="-2.416326"><ele>191.6</ele></trkpt>
<trkpt lat="51.407775" lon="-2.416325"><ele>192.2</ele></trkpt>
<trkpt lat="51.406992" lon="-2.416229"><ele>196.1</ele></trkpt>
<trkpt lat="51.406867" lon="-2.416202"><ele>196.8</ele></trkpt>
<trkpt lat="51.406447" lon="-2.415869"><ele>197.5</ele></trkpt>
<trkpt lat="51.406347" lon="-2.415805"><ele>196.8</ele></trkpt>
<trkpt lat="51.406220" lon="-2.415762"><ele>195.7</ele></trkpt>
<trkpt lat="51.405983" lon="-2.415728"><ele>193.8</ele></trkpt>
<trkpt lat="51.405801" lon="-2.415779"><ele>192.9</ele></trkpt>
<trkpt lat="51.405695" lon="-2.415823"><ele>193.2</ele></trkpt>
<trkpt lat="51.405631" lon="-2.415896"><ele>193.4</ele></trkpt>
<trkpt lat="51.405568" lon="-2.415942"><ele>193.7</ele></trkpt>
<trkpt lat="51.405206" lon="-2.416159"><ele>195.6</ele></trkpt>
<trkpt lat="51.404888" lon="-2.416376"><ele>197.0</ele></trkpt>
<trkpt lat="51.404840" lon="-2.416409"><ele>196.9</ele></trkpt>
<trkpt lat="51.404802" lon="-2.416403"><ele>196.4</ele></trkpt>
<trkpt lat="51.404680" lon="-2.416288"><ele>194.6</ele></trkpt>
<trkpt lat="51.403332" lon="-2.414051"><ele>187.6</ele></trkpt>
<trkpt lat="51.403118" lon="-2.413652"><ele>186.4</ele></trkpt>
<trkpt lat="51.402996" lon="-2.413370"><ele>185.2</ele></trkpt>
<trkpt lat="51.402611" lon="-2.412554"><ele>181.7</ele></trkpt>
<trkpt lat="51.402457" lon="-2.412171"><ele>179.8</ele></trkpt>
<trkpt lat="51.402110" lon="-2.411486"><ele>176.9</ele></trkpt>
<trkpt lat="51.401674" lon="-2.410684"><ele>171.4</ele></trkpt>
<trkpt lat="51.401528" lon="-2.410387"><ele>169.5</ele></trkpt>
<trkpt lat="51.401327" lon="-2.409899"><ele>166.5</ele></trkpt>
<trkpt lat="51.400847" lon="-2.408829"><ele>159.2</ele></trkpt>
<trkpt lat="51.400574" lon="-2.408259"><ele>153.2</ele></trkpt>
<trkpt lat="51.400408" lon="-2.407862"><ele>150.1</ele></trkpt>
<trkpt lat="51.400023" lon="-2.406800"><ele>140.0</ele></trkpt>
<trkpt lat="51.399891" lon="-2.406499"><ele>137.0</ele></trkpt>
<trkpt lat="51.399788" lon="-2.406299"><ele>135.4</ele></trkpt>
<trkpt lat="51.399711" lon="-2.406185"><ele>134.8</ele></trkpt>
<trkpt lat="51.399596" lon="-2.406099"><ele>134.0</ele></trkpt>
<trkpt lat="51.399459" lon="-2.406027"><ele>133.5</ele></trkpt>
<trkpt lat="51.399251" lon="-2.405958"><ele>132.6</ele></trkpt>
<trkpt lat="51.398692" lon="-2.405909"><ele>126.5</ele></trkpt>
<trkpt lat="51.398428" lon="-2.405855"><ele>123.1</ele></trkpt>
<trkpt lat="51.398346" lon="-2.405819"><ele>122.0</ele></trkpt>
<trkpt lat="51.398303" lon="-2.405786"><ele>121.4</ele></trkpt>
<trkpt lat="51.398252" lon="-2.405748"><ele>120.8</ele></trkpt>
<trkpt lat="51.398221" lon="-2.405698"><ele>120.3</ele></trkpt>
<trkpt lat="51.398195" lon="-2.405620"><ele>119.7</ele></trkpt>
<trkpt lat="51.398118" lon="-2.405553"><ele>118.8</ele></trkpt>
<trkpt lat="51.398027" lon="-2.405386"><ele>117.8</ele></trkpt>
<trkpt lat="51.397974" lon="-2.405305"><ele>117.5</ele></trkpt>
<trkpt lat="51.397627" lon="-2.405013"><ele>116.6</ele></trkpt>
<trkpt lat="51.397497" lon="-2.404836"><ele>116.4</ele></trkpt>
<trkpt lat="51.397199" lon="-2.404397"><ele>115.9</ele></trkpt>
<trkpt lat="51.397109" lon="-2.404262"><ele>116.2</ele></trkpt>
<trkpt lat="51.397035" lon="-2.404113"><ele>116.5</ele></trkpt>
<trkpt lat="51.396953" lon="-2.403917"><ele>117.0</ele></trkpt>
<trkpt lat="51.396790" lon="-2.403365"><ele>118.8</ele></trkpt>
<trkpt lat="51.396755" lon="-2.403214"><ele>119.1</ele></trkpt>
<trkpt lat="51.396720" lon="-2.402925"><ele>119.7</ele></trkpt>
<trkpt lat="51.396710" lon="-2.402870"><ele>119.9</ele></trkpt>
<trkpt lat="51.396691" lon="-2.402825"><ele>120.0</ele></trkpt>
<trkpt lat="51.396554" lon="-2.402437"><ele>120.8</ele></trkpt>
<trkpt lat="51.396473" lon="-2.402221"><ele>120.8</ele></trkpt>
<trkpt lat="51.396442" lon="-2.402172"><ele>120.7</ele></trkpt>
<trkpt lat="51.396402" lon="-2.402136"><ele>120.6</ele></trkpt>
<trkpt lat="51.396272" lon="-2.402068"><ele>120.3</ele></trkpt>
<trkpt lat="51.395951" lon="-2.401847"><ele>118.6</ele></trkpt>
<trkpt lat="51.395564" lon="-2.401625"><ele>113.0</ele></trkpt>
<trkpt lat="51.395506" lon="-2.401577"><ele>111.9</ele></trkpt>
<trkpt lat="51.395461" lon="-2.401512"><ele>111.0</ele></trkpt>
<trkpt lat="51.395280" lon="-2.400962"><ele>105.9</ele></trkpt>
<trkpt lat="51.394948" lon="-2.400174"><ele>100.9</ele></trkpt>
<trkpt lat="51.394925" lon="-2.399916"><ele>100.1</ele></trkpt>
<trkpt lat="51.394961" lon="-2.399726"><ele>99.9</ele></trkpt>
<trkpt lat="51.394976" lon="-2.399608"><ele>99.6</ele></trkpt>
<trkpt lat="51.395037" lon="-2.399114"><ele>94.7</ele></trkpt>
<trkpt lat="51.395122" lon="-2.398098"><ele>82.3</ele></trkpt>
<trkpt lat="51.395138" lon="-2.397513"><ele>76.8</ele></trkpt>
<trkpt lat="51.395140" lon="-2.397397"><ele>75.9</ele></trkpt>
<trkpt lat="51.395137" lon="-2.397202"><ele>74.4</ele></trkpt>
<trkpt lat="51.395145" lon="-2.396849"><ele>72.4</ele></trkpt>
<trkpt lat="51.395214" lon="-2.393614"><ele>64.7</ele></trkpt>
<trkpt lat="51.395213" lon="-2.393582"><ele>64.6</ele></trkpt>
<trkpt lat="51.395192" lon="-2.393556"><ele>64.6</ele></trkpt>
<trkpt lat="51.395149" lon="-2.393509"><ele>64.4</ele></trkpt>
<trkpt lat="51.395136" lon="-2.393538"><ele>64.4</ele></trkpt>
<trkpt lat="51.395122" lon="-2.393523"><ele>64.4</ele></trkpt>
<trkpt lat="51.395234" lon="-2.393295"><ele>63.9</ele></trkpt>
<trkpt lat="51.395392" lon="-2.392997"><ele>62.8</ele></trkpt>
<trkpt lat="51.395502" lon="-2.392777"><ele>61.9</ele></trkpt>
<trkpt lat="51.395543" lon="-2.392682"><ele>61.6</ele></trkpt>
<trkpt lat="51.395570" lon="-2.392606"><ele>61.4</ele></trkpt>
<trkpt lat="51.395578" lon="-2.392586"><ele>61.3</ele></trkpt>
<trkpt lat="51.395638" lon="-2.392633"><ele>61.1</ele></trkpt>
<trkpt lat="51.395678" lon="-2.392653"><ele>60.9</ele></trkpt>
<trkpt lat="51.395714" lon="-2.392648"><ele>60.8</ele></trkpt>
<trkpt lat="51.395746" lon="-2.392606"><ele>60.6</ele></trkpt>
<trkpt lat="51.396030" lon="-2.392009"><ele>58.1</ele></trkpt>
<trkpt lat="51.396219" lon="-2.391642"><ele>57.0</ele></trkpt>
<trkpt lat="51.396200" lon="-2.391619"><ele>56.9</ele></trkpt>
<trkpt lat="51.396237" lon="-2.391484"><ele>56.8</ele></trkpt>
<trkpt lat="51.396241" lon="-2.391447"><ele>56.8</ele></trkpt>
<trkpt lat="51.396245" lon="-2.391406"><ele>56.8</ele></trkpt>
<trkpt lat="51.396237" lon="-2.391306"><ele>56.8</ele></trkpt>
<trkpt lat="51.396182" lon="-2.391047"><ele>56.9</ele></trkpt>
<trkpt lat="51.396211" lon="-2.391012"><ele>56.9</ele></trkpt>
<trkpt lat="51.396245" lon="-2.390973"><ele>57.0</ele></trkpt>
<trkpt lat="51.396179" lon="-2.390831"><ele>57.1</ele></trkpt>
<trkpt lat="51.395958" lon="-2.390323"><ele>56.6</ele></trkpt>
<trkpt lat="51.395871" lon="-2.390093"><ele>56.2</ele></trkpt>
<trkpt lat="51.395857" lon="-2.390061"><ele>56.2</ele></trkpt>
<trkpt lat="51.395753" lon="-2.389809"><ele>56.3</ele></trkpt>
<trkpt lat="51.395718" lon="-2.389718"><ele>56.4</ele></trkpt>
<trkpt lat="51.395622" lon="-2.389440"><ele>57.4</ele></trkpt>
<trkpt lat="51.395613" lon="-2.389398"><ele>57.6</ele></trkpt>
<trkpt lat="51.395611" lon="-2.389344"><ele>57.8</ele></trkpt>
<trkpt lat="51.395626" lon="-2.389060"><ele>58.9</ele></trkpt>
<trkpt lat="51.395626" lon="-2.388986"><ele>59.2</ele></trkpt>
<trkpt lat="51.395620" lon="-2.388904"><ele>59.6</ele></trkpt>
<trkpt lat="51.395596" lon="-2.388814"><ele>59.7</ele></trkpt>
<trkpt lat="51.395556" lon="-2.388673"><ele>59.9</ele></trkpt>
<trkpt lat="51.395511" lon="-2.388652"><ele>60.0</ele></trkpt>
<trkpt lat="51.395334" lon="-2.388455"><ele>59.8</ele></trkpt>
<trkpt lat="51.395288" lon="-2.388424"><ele>59.8</ele></trkpt>
<trkpt lat="51.395248" lon="-2.388415"><ele>59.7</ele></trkpt>
<trkpt lat="51.395137" lon="-2.388405"><ele>59.5</ele></trkpt>
<trkpt lat="51.395045" lon="-2.388430"><ele>59.3</ele></trkpt>
<trkpt lat="51.395465" lon="-2.387471"><ele>63.8</ele></trkpt>
<trkpt lat="51.395603" lon="-2.387151"><ele>66.5</ele></trkpt>
<trkpt lat="51.395840" lon="-2.386618"><ele>70.9</ele></trkpt>
<trkpt lat="51.396036" lon="-2.386145"><ele>75.1</ele></trkpt>
<trkpt lat="51.396057" lon="-2.386088"><ele>75.6</ele></trkpt>
<trkpt lat="51.396062" lon="-2.385995"><ele>76.3</ele></trkpt>
<trkpt lat="51.396313" lon="-2.385488"><ele>82.2</ele></trkpt>
<trkpt lat="51.396285" lon="-2.385453"><ele>82.8</ele></trkpt>
<trkpt lat="51.396354" lon="-2.385300"><ele>84.4</ele></trkpt>
<trkpt lat="51.396398" lon="-2.385239"><ele>85.2</ele></trkpt>
<trkpt lat="51.396534" lon="-2.385126"><ele>87.5</ele></trkpt>
<trkpt lat="51.396592" lon="-2.385088"><ele>88.5</ele></trkpt>
<trkpt lat="51.396606" lon="-2.385082"><ele>88.8</ele></trkpt>
<trkpt lat="51.396618" lon="-2.385077"><ele>89.0</ele></trkpt>
<trkpt lat="51.396655" lon="-2.385039"><ele>89.7</ele></trkpt>
<trkpt lat="51.396849" lon="-2.384720"><ele>94.7</ele></trkpt>
<trkpt lat="51.396863" lon="-2.384682"><ele>95.2</ele></trkpt>
<trkpt lat="51.396862" lon="-2.384642"><ele>95.5</ele></trkpt>
<trkpt lat="51.396833" lon="-2.384588"><ele>95.5</ele></trkpt>
<trkpt lat="51.396799" lon="-2.384527"><ele>95.5</ele></trkpt>
<trkpt lat="51.396743" lon="-2.384418"><ele>95.5</ele></trkpt>
<trkpt lat="51.396658" lon="-2.384296"><ele>95.2</ele></trkpt>
<trkpt lat="51.396591" lon="-2.384245"><ele>94.6</ele></trkpt>
<trkpt lat="51.396437" lon="-2.384152"><ele>93.2</ele></trkpt>
<trkpt lat="51.396297" lon="-2.384027"><ele>92.0</ele></trkpt>
<trkpt lat="51.396184" lon="-2.383933"><ele>91.0</ele></trkpt>
<trkpt lat="51.396060" lon="-2.383767"><ele>89.8</ele></trkpt>
<trkpt lat="51.395579" lon="-2.382965"><ele>88.6</ele></trkpt>
<trkpt lat="51.395475" lon="-2.382769"><ele>88.9</ele></trkpt>
<trkpt lat="51.395430" lon="-2.382646"><ele>89.1</ele></trkpt>
<trkpt lat="51.395386" lon="-2.382526"><ele>89.2</ele></trkpt>
<trkpt lat="51.395379" lon="-2.382473"><ele>89.3</ele></trkpt>
<trkpt lat="51.395389" lon="-2.382380"><ele>89.4</ele></trkpt>
<trkpt lat="51.395309" lon="-2.382207"><ele>89.0</ele></trkpt>
<trkpt lat="51.395293" lon="-2.382174"><ele>88.8</ele></trkpt>
<trkpt lat="51.395195" lon="-2.381972"><ele>87.9</ele></trkpt>
<trkpt lat="51.394861" lon="-2.381279"><ele>84.3</ele></trkpt>
<trkpt lat="51.394768" lon="-2.381025"><ele>84.3</ele></trkpt>
<trkpt lat="51.394758" lon="-2.380986"><ele>84.2</ele></trkpt>
<trkpt lat="51.394749" lon="-2.380918"><ele>84.2</ele></trkpt>
<trkpt lat="51.394715" lon="-2.380648"><ele>84.1</ele></trkpt>
<trkpt lat="51.394676" lon="-2.380231"><ele>84.1</ele></trkpt>
<trkpt lat="51.394674" lon="-2.380120"><ele>84.0</ele></trkpt>
<trkpt lat="51.394660" lon="-2.380012"><ele>84.4</ele></trkpt>
<trkpt lat="51.394657" lon="-2.379990"><ele>84.5</ele></trkpt>
<trkpt lat="51.394654" lon="-2.379969"><ele>84.6</ele></trkpt>
<trkpt lat="51.394575" lon="-2.379093"><ele>92.4</ele></trkpt>
<trkpt lat="51.394564" lon="-2.378997"><ele>93.4</ele></trkpt>
<trkpt lat="51.394563" lon="-2.378974"><ele>93.7</ele></trkpt>
<trkpt lat="51.394565" lon="-2.378926"><ele>94.2</ele></trkpt>
<trkpt lat="51.394573" lon="-2.378896"><ele>94.5</ele></trkpt>
<trkpt lat="51.394564" lon="-2.378829"><ele>95.3</ele></trkpt>
<trkpt lat="51.394533" lon="-2.378575"><ele>97.9</ele></trkpt>
<trkpt lat="51.394517" lon="-2.378528"><ele>98.4</ele></trkpt>
<trkpt lat="51.394480" lon="-2.378500"><ele>99.1</ele></trkpt>
<trkpt lat="51.394440" lon="-2.378474"><ele>99.8</ele></trkpt>
<trkpt lat="51.394419" lon="-2.378398"><ele>100.7</ele></trkpt>
<trkpt lat="51.394387" lon="-2.378228"><ele>102.6</ele></trkpt>
<trkpt lat="51.394320" lon="-2.377912"><ele>106.0</ele></trkpt>
<trkpt lat="51.394200" lon="-2.377499"><ele>109.6</ele></trkpt>
<trkpt lat="51.394041" lon="-2.376937"><ele>113.4</ele></trkpt>
<trkpt lat="51.394019" lon="-2.376935"><ele>113.6</ele></trkpt>
<trkpt lat="51.393998" lon="-2.376922"><ele>113.8</ele></trkpt>
<trkpt lat="51.393569" lon="-2.375661"><ele>118.6</ele></trkpt>
<trkpt lat="51.393522" lon="-2.375447"><ele>119.8</ele></trkpt>
<trkpt lat="51.393457" lon="-2.375185"><ele>119.9</ele></trkpt>
<trkpt lat="51.392784" lon="-2.375550"><ele>110.6</ele></trkpt>
<trkpt lat="51.392728" lon="-2.375658"><ele>109.1</ele></trkpt>
<trkpt lat="51.392137" lon="-2.376006"><ele>99.8</ele></trkpt>
<trkpt lat="51.392093" lon="-2.376014"><ele>99.2</ele></trkpt>
<trkpt lat="51.392050" lon="-2.376008"><ele>98.9</ele></trkpt>
<trkpt lat="51.392011" lon="-2.375986"><ele>98.8</ele></trkpt>
<trkpt lat="51.391957" lon="-2.375926"><ele>98.6</ele></trkpt>
<trkpt lat="51.391899" lon="-2.375851"><ele>98.4</ele></trkpt>
<trkpt lat="51.391860" lon="-2.375765"><ele>98.2</ele></trkpt>
<trkpt lat="51.391825" lon="-2.375684"><ele>98.2</ele></trkpt>
<trkpt lat="51.391793" lon="-2.375605"><ele>98.3</ele></trkpt>
<trkpt lat="51.391753" lon="-2.375467"><ele>98.4</ele></trkpt>
<trkpt lat="51.391722" lon="-2.375327"><ele>98.2</ele></trkpt>
<trkpt lat="51.391699" lon="-2.375191"><ele>97.5</ele></trkpt>
<trkpt lat="51.391670" lon="-2.375057"><ele>96.8</ele></trkpt>
<trkpt lat="51.391661" lon="-2.374943"><ele>96.2</ele></trkpt>
<trkpt lat="51.391659" lon="-2.374864"><ele>96.1</ele></trkpt>
<trkpt lat="51.391662" lon="-2.374824"><ele>96.0</ele></trkpt>
<trkpt lat="51.391664" lon="-2.374811"><ele>96.0</ele></trkpt>
<trkpt lat="51.391666" lon="-2.374804"><ele>95.9</ele></trkpt>
<trkpt lat="51.391669" lon="-2.374798"><ele>95.9</ele></trkpt>
<trkpt lat="51.391684" lon="-2.374775"><ele>95.9</ele></trkpt>
<trkpt lat="51.391740" lon="-2.374720"><ele>95.6</ele></trkpt>
<trkpt lat="51.390729" lon="-2.373438"><ele>85.9</ele></trkpt>
<trkpt lat="51.390470" lon="-2.373138"><ele>81.6</ele></trkpt>
<trkpt lat="51.390242" lon="-2.372888"><ele>77.8</ele></trkpt>
<trkpt lat="51.389174" lon="-2.371878"><ele>63.6</ele></trkpt>
<trkpt lat="51.388927" lon="-2.371690"><ele>60.7</ele></trkpt>
<trkpt lat="51.388687" lon="-2.371600"><ele>58.4</ele></trkpt>
<trkpt lat="51.388495" lon="-2.371561"><ele>56.8</ele></trkpt>
<trkpt lat="51.388444" lon="-2.371553"><ele>56.5</ele></trkpt>
<trkpt lat="51.388445" lon="-2.371508"><ele>56.3</ele></trkpt>
<trkpt lat="51.388401" lon="-2.371504"><ele>56.1</ele></trkpt>
<trkpt lat="51.388362" lon="-2.371505"><ele>55.9</ele></trkpt>
<trkpt lat="51.388364" lon="-2.371604"><ele>55.6</ele></trkpt>
<trkpt lat="51.388288" lon="-2.371653"><ele>55.1</ele></trkpt>
<trkpt lat="51.388192" lon="-2.371696"><ele>54.4</ele></trkpt>
<trkpt lat="51.388135" lon="-2.371630"><ele>53.9</ele></trkpt>
<trkpt lat="51.388042" lon="-2.371564"><ele>53.2</ele></trkpt>
<trkpt lat="51.387929" lon="-2.371506"><ele>52.6</ele></trkpt>
<trkpt lat="51.387805" lon="-2.371478"><ele>51.9</ele></trkpt>
<trkpt lat="51.387675" lon="-2.371502"><ele>51.2</ele></trkpt>
<trkpt lat="51.387566" lon="-2.371536"><ele>50.6</ele></trkpt>
<trkpt lat="51.387422" lon="-2.371611"><ele>49.9</ele></trkpt>
<trkpt lat="51.387290" lon="-2.371703"><ele>49.3</ele></trkpt>
<trkpt lat="51.387157" lon="-2.371832"><ele>48.6</ele></trkpt>
<trkpt lat="51.386969" lon="-2.372081"><ele>47.3</ele></trkpt>
<trkpt lat="51.386829" lon="-2.372300"><ele>46.3</ele></trkpt>
<trkpt lat="51.386565" lon="-2.372787"><ele>44.0</ele></trkpt>
<trkpt lat="51.386488" lon="-2.372905"><ele>43.1</ele></trkpt>
<trkpt lat="51.386418" lon="-2.372992"><ele>42.4</ele></trkpt>
<trkpt lat="51.386325" lon="-2.373059"><ele>41.6</ele></trkpt>
<trkpt lat="51.386266" lon="-2.373095"><ele>41.2</ele></trkpt>
<trkpt lat="51.386193" lon="-2.373106"><ele>40.9</ele></trkpt>
<trkpt lat="51.386147" lon="-2.373096"><ele>40.8</ele></trkpt>
<trkpt lat="51.386102" lon="-2.373067"><ele>40.6</ele></trkpt>
<trkpt lat="51.386051" lon="-2.373009"><ele>40.4</ele></trkpt>
<trkpt lat="51.386007" lon="-2.372936"><ele>40.3</ele></trkpt>
<trkpt lat="51.385978" lon="-2.372830"><ele>40.3</ele></trkpt>
<trkpt lat="51.385964" lon="-2.372674"><ele>40.4</ele></trkpt>
<trkpt lat="51.385971" lon="-2.372512"><ele>40.6</ele></trkpt>
<trkpt lat="51.386012" lon="-2.372198"><ele>41.0</ele></trkpt>
<trkpt lat="51.386013" lon="-2.372089"><ele>41.2</ele></trkpt>
<trkpt lat="51.385993" lon="-2.371958"><ele>41.2</ele></trkpt>
<trkpt lat="51.385963" lon="-2.371848"><ele>41.2</ele></trkpt>
<trkpt lat="51.385910" lon="-2.371693"><ele>41.2</ele></trkpt>
<trkpt lat="51.385878" lon="-2.371562"><ele>41.3</ele></trkpt>
<trkpt lat="51.385872" lon="-2.371378"><ele>41.3</ele></trkpt>
<trkpt lat="51.385840" lon="-2.370973"><ele>41.4</ele></trkpt>
<trkpt lat="51.385819" lon="-2.370666"><ele>42.0</ele></trkpt>
<trkpt lat="51.385910" lon="-2.370610"><ele>42.4</ele></trkpt>
<trkpt lat="51.385904" lon="-2.370565"><ele>42.5</ele></trkpt>
<trkpt lat="51.385896" lon="-2.370516"><ele>42.7</ele></trkpt>
<trkpt lat="51.386130" lon="-2.370394"><ele>44.6</ele></trkpt>
<trkpt lat="51.386125" lon="-2.370354"><ele>44.6</ele></trkpt>
<trkpt lat="51.385917" lon="-2.367584"><ele>45.8</ele></trkpt>
<trkpt lat="51.385881" lon="-2.367056"><ele>47.7</ele></trkpt>
<trkpt lat="51.385894" lon="-2.367010"><ele>47.9</ele></trkpt>
<trkpt lat="51.385915" lon="-2.366993"><ele>48.1</ele></trkpt>
<trkpt lat="51.386328" lon="-2.366820"><ele>51.8</ele></trkpt>
<trkpt lat="51.386383" lon="-2.366802"><ele>52.3</ele></trkpt>
<trkpt lat="51.386432" lon="-2.366795"><ele>52.7</ele></trkpt>
<trkpt lat="51.386308" lon="-2.366035"><ele>54.2</ele></trkpt>
<trkpt lat="51.386040" lon="-2.364542"><ele>53.9</ele></trkpt>
<trkpt lat="51.385969" lon="-2.364561"><ele>53.7</ele></trkpt>
<trkpt lat="51.385896" lon="-2.364552"><ele>53.6</ele></trkpt>
<trkpt lat="51.385827" lon="-2.364518"><ele>53.4</ele></trkpt>
<trkpt lat="51.385765" lon="-2.364459"><ele>53.2</ele></trkpt>
<trkpt lat="51.385712" lon="-2.364379"><ele>53.0</ele></trkpt>
<trkpt lat="51.385673" lon="-2.364282"><ele>52.7</ele></trkpt>
<trkpt lat="51.385648" lon="-2.364172"><ele>52.6</ele></trkpt>
<trkpt lat="51.385640" lon="-2.364057"><ele>52.5</ele></trkpt>
<trkpt lat="51.385648" lon="-2.363941"><ele>52.3</ele></trkpt>
<trkpt lat="51.384785" lon="-2.363583"><ele>45.0</ele></trkpt>
<trkpt lat="51.384672" lon="-2.363536"><ele>44.2</ele></trkpt>
<trkpt lat="51.384635" lon="-2.363517"><ele>43.9</ele></trkpt>
<trkpt lat="51.384609" lon="-2.363468"><ele>43.6</ele></trkpt>
<trkpt lat="51.384587" lon="-2.363488"><ele>43.4</ele></trkpt>
<trkpt lat="51.384562" lon="-2.363489"><ele>43.3</ele></trkpt>
<trkpt lat="51.384389" lon="-2.363415"><ele>42.5</ele></trkpt>
<trkpt lat="51.383922" lon="-2.363227"><ele>39.1</ele></trkpt>
<trkpt lat="51.383825" lon="-2.363189"><ele>38.3</ele></trkpt>
<trkpt lat="51.383496" lon="-2.363072"><ele>36.1</ele></trkpt>
<trkpt lat="51.383245" lon="-2.362983"><ele>34.9</ele></trkpt>
<trkpt lat="51.383212" lon="-2.362902"><ele>35.2</ele></trkpt>
<trkpt lat="51.383187" lon="-2.362805"><ele>35.6</ele></trkpt>
<trkpt lat="51.383276" lon="-2.362212"><ele>37.4</ele></trkpt>
<trkpt lat="51.383277" lon="-2.362181"><ele>37.5</ele></trkpt>
<trkpt lat="51.383271" lon="-2.362154"><ele>37.5</ele></trkpt>
<trkpt lat="51.383259" lon="-2.362134"><ele>37.5</ele></trkpt>
<trkpt lat="51.383229" lon="-2.362121"><ele>37.4</ele></trkpt>
<trkpt lat="51.383243" lon="-2.362021"><ele>37.4</ele></trkpt>
<trkpt lat="51.383347" lon="-2.361258"><ele>36.8</ele></trkpt>
<trkpt lat="51.383267" lon="-2.361195"><ele>36.5</ele></trkpt>
<trkpt lat="51.383161" lon="-2.361090"><ele>36.2</ele></trkpt>
<trkpt lat="51.383111" lon="-2.361032"><ele>36.0</ele></trkpt>
<trkpt lat="51.383085" lon="-2.360986"><ele>35.9</ele></trkpt>
<trkpt lat="51.383075" lon="-2.360964"><ele>35.9</ele></trkpt>
<trkpt lat="51.383065" lon="-2.360975"><ele>35.8</ele></trkpt>
<trkpt lat="51.383048" lon="-2.360994"><ele>35.8</ele></trkpt>
<trkpt lat="51.382963" lon="-2.360971"><ele>35.5</ele></trkpt>
<trkpt lat="51.382647" lon="-2.360812"><ele>34.9</ele></trkpt>
<trkpt lat="51.382631" lon="-2.360804"><ele>34.9</ele></trkpt>
<trkpt lat="51.382607" lon="-2.360744"><ele>34.9</ele></trkpt>
<trkpt lat="51.382588" lon="-2.360722"><ele>34.8</ele></trkpt>
<trkpt lat="51.382569" lon="-2.360700"><ele>34.8</ele></trkpt>
<trkpt lat="51.382289" lon="-2.360592"><ele>34.5</ele></trkpt>
<trkpt lat="51.382134" lon="-2.360554"><ele>34.2</ele></trkpt>
<trkpt lat="51.381560" lon="-2.360458"><ele>33.0</ele></trkpt>
<trkpt lat="51.381554" lon="-2.360457"><ele>33.0</ele></trkpt>
<trkpt lat="51.381529" lon="-2.360450"><ele>32.9</ele></trkpt>
<trkpt lat="51.381499" lon="-2.360443"><ele>32.8</ele></trkpt>
<trkpt lat="51.381408" lon="-2.360410"><ele>32.5</ele></trkpt>
<trkpt lat="51.381239" lon="-2.360350"><ele>32.2</ele></trkpt>
<trkpt lat="51.381255" lon="-2.360243"><ele>32.1</ele></trkpt>
<trkpt lat="51.381263" lon="-2.360187"><ele>32.1</ele></trkpt>
<trkpt lat="51.381311" lon="-2.359855"><ele>31.6</ele></trkpt>
<trkpt lat="51.381368" lon="-2.359475"><ele>31.5</ele></trkpt>
</trkseg></trk>
</gpx>